implementation,run,warmup,metric,milliseconds
cuda,1,1,compilation,8966.574000000
cuda,1,1,model_setup,353.334000000
cuda,1,1,batch_loading,50540.543000000
cuda,1,1,training_total,654384.004000000
cuda,1,1,epoch_average,6543.840040000
cuda,1,1,batch_average,24.258757435
cuda,1,1,prediction_total,2207.891000000
cuda,1,1,cpu_gpu_transfer,22994.591000000
cuda,1,1,gpu_cpu_transfer,103.140000000
cuda,1,1,gpu_compute,628489.760000000
cuda,1,1,application_total,664905.471000000
cuda,2,0,compilation,8342.418000000
cuda,2,0,model_setup,341.619000000
cuda,2,0,batch_loading,47986.992000000
cuda,2,0,training_total,653100.639000000
cuda,2,0,epoch_average,6531.006390000
cuda,2,0,batch_average,24.211254870
cuda,2,0,prediction_total,2167.702000000
cuda,2,0,cpu_gpu_transfer,21697.384000000
cuda,2,0,gpu_cpu_transfer,102.742000000
cuda,2,0,gpu_compute,628778.327000000
cuda,2,0,application_total,663428.194000000
cuda,3,0,compilation,8518.189000000
cuda,3,0,model_setup,362.497000000
cuda,3,0,batch_loading,48461.698000000
cuda,3,0,training_total,654011.862000000
cuda,3,0,epoch_average,6540.118620000
cuda,3,0,batch_average,24.244698959
cuda,3,0,prediction_total,2164.130000000
cuda,3,0,cpu_gpu_transfer,22554.108000000
cuda,3,0,gpu_cpu_transfer,102.934000000
cuda,3,0,gpu_compute,628746.341000000
cuda,3,0,application_total,664285.476000000
cuda,4,0,compilation,8332.831000000
cuda,4,0,model_setup,371.194000000
cuda,4,0,batch_loading,51762.224000000
cuda,4,0,training_total,663445.013000000
cuda,4,0,epoch_average,6634.450130000
cuda,4,0,batch_average,24.606531747
cuda,4,0,prediction_total,2804.623000000
cuda,4,0,cpu_gpu_transfer,35752.257000000
cuda,4,0,gpu_cpu_transfer,102.302000000
cuda,4,0,gpu_compute,625946.144000000
cuda,4,0,application_total,675131.145000000
cuda,5,0,compilation,8313.517000000
cuda,5,0,model_setup,323.371000000
cuda,5,0,batch_loading,45644.821000000
cuda,5,0,training_total,659177.371000000
cuda,5,0,epoch_average,6591.773710000
cuda,5,0,batch_average,24.449258290
cuda,5,0,prediction_total,2158.010000000
cuda,5,0,cpu_gpu_transfer,29606.271000000
cuda,5,0,gpu_cpu_transfer,72.123000000
cuda,5,0,gpu_compute,627593.300000000
cuda,5,0,application_total,669292.047000000
cuda,6,0,compilation,8146.560000000
cuda,6,0,model_setup,300.478000000
cuda,6,0,batch_loading,44338.036000000
cuda,6,0,training_total,658162.706000000
cuda,6,0,epoch_average,6581.627060000
cuda,6,0,batch_average,24.417010223
cuda,6,0,prediction_total,2143.018000000
cuda,6,0,cpu_gpu_transfer,29046.481000000
cuda,6,0,gpu_cpu_transfer,72.222000000
cuda,6,0,gpu_compute,627552.770000000
cuda,6,0,application_total,668632.121000000
cuda,7,0,compilation,8522.235000000
cuda,7,0,model_setup,329.939000000
cuda,7,0,batch_loading,44263.656000000
cuda,7,0,training_total,658487.288000000
cuda,7,0,epoch_average,6584.872880000
cuda,7,0,batch_average,24.433026654
cuda,7,0,prediction_total,2293.516000000
cuda,7,0,cpu_gpu_transfer,29807.641000000
cuda,7,0,gpu_cpu_transfer,87.060000000
cuda,7,0,gpu_compute,627583.372000000
cuda,7,0,application_total,669530.410000000
cuda,8,0,compilation,8497.377000000
cuda,8,0,model_setup,324.903000000
cuda,8,0,batch_loading,53499.270000000
cuda,8,0,training_total,657025.145000000
cuda,8,0,epoch_average,6570.251450000
cuda,8,0,batch_average,24.356342491
cuda,8,0,prediction_total,2126.485000000
cuda,8,0,cpu_gpu_transfer,26036.025000000
cuda,8,0,gpu_cpu_transfer,74.298000000
cuda,8,0,gpu_compute,628281.289000000
cuda,8,0,application_total,667578.470000000
cuda,9,0,compilation,8368.748000000
cuda,9,0,model_setup,317.852000000
cuda,9,0,batch_loading,47385.989000000
cuda,9,0,training_total,660320.334000000
cuda,9,0,epoch_average,6603.203340000
cuda,9,0,batch_average,24.491442305
cuda,9,0,prediction_total,2376.265000000
cuda,9,0,cpu_gpu_transfer,31355.324000000
cuda,9,0,gpu_cpu_transfer,77.421000000
cuda,9,0,gpu_compute,627014.683000000
cuda,9,0,application_total,671443.613000000
cuda,10,0,compilation,8415.854000000
cuda,10,0,model_setup,340.327000000
cuda,10,0,batch_loading,48945.001000000
cuda,10,0,training_total,660929.578000000
cuda,10,0,epoch_average,6609.295780000
cuda,10,0,batch_average,24.511050372
cuda,10,0,prediction_total,2688.372000000
cuda,10,0,cpu_gpu_transfer,31684.118000000
cuda,10,0,gpu_cpu_transfer,101.918000000
cuda,10,0,gpu_compute,627239.151000000
cuda,10,0,application_total,672068.014000000
cuda,11,0,compilation,8394.114000000
cuda,11,0,model_setup,322.934000000
cuda,11,0,batch_loading,54936.321000000
cuda,11,0,training_total,656855.608000000
cuda,11,0,epoch_average,6568.556080000
cuda,11,0,batch_average,24.348878996
cuda,11,0,prediction_total,2112.326000000
cuda,11,0,cpu_gpu_transfer,25922.282000000
cuda,11,0,gpu_cpu_transfer,74.748000000
cuda,11,0,gpu_compute,627797.681000000
cuda,11,0,application_total,666621.920000000
cuda,12,0,compilation,8351.215000000
cuda,12,0,model_setup,335.859000000
cuda,12,0,batch_loading,50667.318000000
cuda,12,0,training_total,659960.155000000
cuda,12,0,epoch_average,6599.601550000
cuda,12,0,batch_average,24.469708253
cuda,12,0,prediction_total,2163.953000000
cuda,12,0,cpu_gpu_transfer,29993.241000000
cuda,12,0,gpu_cpu_transfer,104.965000000
cuda,12,0,gpu_compute,627332.466000000
cuda,12,0,application_total,670145.237000000
cuda,13,0,compilation,8329.407000000
cuda,13,0,model_setup,328.422000000
cuda,13,0,batch_loading,48411.648000000
cuda,13,0,training_total,654664.748000000
cuda,13,0,epoch_average,6546.647480000
cuda,13,0,batch_average,24.267794721
cuda,13,0,prediction_total,2200.805000000
cuda,13,0,cpu_gpu_transfer,22348.970000000
cuda,13,0,gpu_cpu_transfer,104.907000000
cuda,13,0,gpu_compute,629307.752000000
cuda,13,0,application_total,665442.422000000
cuda,14,0,compilation,8479.705000000
cuda,14,0,model_setup,337.902000000
cuda,14,0,batch_loading,48791.208000000
cuda,14,0,training_total,655079.386000000
cuda,14,0,epoch_average,6550.793860000
cuda,14,0,batch_average,24.284552305
cuda,14,0,prediction_total,2219.204000000
cuda,14,0,cpu_gpu_transfer,23290.637000000
cuda,14,0,gpu_cpu_transfer,103.736000000
cuda,14,0,gpu_compute,628790.690000000
cuda,14,0,application_total,666305.048000000
cuda,15,0,compilation,8370.746000000
cuda,15,0,model_setup,314.018000000
cuda,15,0,batch_loading,55244.927000000
cuda,15,0,training_total,656261.197000000
cuda,15,0,epoch_average,6562.611970000
cuda,15,0,batch_average,24.328096914
cuda,15,0,prediction_total,2177.416000000
cuda,15,0,cpu_gpu_transfer,25284.631000000
cuda,15,0,gpu_cpu_transfer,77.495000000
cuda,15,0,gpu_compute,628287.359000000
cuda,15,0,application_total,666968.401000000
cuda,16,0,compilation,8294.039000000
cuda,16,0,model_setup,367.175000000
cuda,16,0,batch_loading,45846.845000000
cuda,16,0,training_total,659725.697000000
cuda,16,0,epoch_average,6597.256970000
cuda,16,0,batch_average,24.470908550
cuda,16,0,prediction_total,2198.425000000
cuda,16,0,cpu_gpu_transfer,29968.961000000
cuda,16,0,gpu_cpu_transfer,72.453000000
cuda,16,0,gpu_compute,627906.697000000
cuda,16,0,application_total,670357.662000000
cuda,17,0,compilation,8417.597000000
cuda,17,0,model_setup,320.802000000
cuda,17,0,batch_loading,48177.792000000
cuda,17,0,training_total,654115.371000000
cuda,17,0,epoch_average,6541.153710000
cuda,17,0,batch_average,24.248874164
cuda,17,0,prediction_total,2219.545000000
cuda,17,0,cpu_gpu_transfer,21757.634000000
cuda,17,0,gpu_cpu_transfer,102.924000000
cuda,17,0,gpu_compute,629713.932000000
cuda,17,0,application_total,664692.659000000
cuda,18,0,compilation,8380.204000000
cuda,18,0,model_setup,355.157000000
cuda,18,0,batch_loading,48139.746000000
cuda,18,0,training_total,654454.388000000
cuda,18,0,epoch_average,6544.543880000
cuda,18,0,batch_average,24.260891859
cuda,18,0,prediction_total,2219.385000000
cuda,18,0,cpu_gpu_transfer,22281.572000000
cuda,18,0,gpu_cpu_transfer,101.634000000
cuda,18,0,gpu_compute,629524.121000000
cuda,18,0,application_total,665534.248000000
cuda,19,0,compilation,8386.526000000
cuda,19,0,model_setup,320.310000000
cuda,19,0,batch_loading,43718.102000000
cuda,19,0,training_total,654040.637000000
cuda,19,0,epoch_average,6540.406370000
cuda,19,0,batch_average,24.259325428
cuda,19,0,prediction_total,2103.908000000
cuda,19,0,cpu_gpu_transfer,22515.927000000
cuda,19,0,gpu_cpu_transfer,72.165000000
cuda,19,0,gpu_compute,629638.280000000
cuda,19,0,application_total,664683.285000000
cuda,20,0,compilation,8474.974000000
cuda,20,0,model_setup,379.584000000
cuda,20,0,batch_loading,47947.659000000
cuda,20,0,training_total,654379.421000000
cuda,20,0,epoch_average,6543.794210000
cuda,20,0,batch_average,24.259929888
cuda,20,0,prediction_total,2217.711000000
cuda,20,0,cpu_gpu_transfer,21944.990000000
cuda,20,0,gpu_cpu_transfer,102.433000000
cuda,20,0,gpu_compute,629857.759000000
cuda,20,0,application_total,664870.926000000
cuda,21,0,compilation,8583.117000000
cuda,21,0,model_setup,323.656000000
cuda,21,0,batch_loading,54881.008000000
cuda,21,0,training_total,657238.542000000
cuda,21,0,epoch_average,6572.385420000
cuda,21,0,batch_average,24.365755688
cuda,21,0,prediction_total,2087.530000000
cuda,21,0,cpu_gpu_transfer,26074.258000000
cuda,21,0,gpu_cpu_transfer,74.556000000
cuda,21,0,gpu_compute,628540.900000000
cuda,21,0,application_total,667673.346000000
cuda,22,0,compilation,8595.103000000
cuda,22,0,model_setup,326.137000000
cuda,22,0,batch_loading,55510.658000000
cuda,22,0,training_total,656830.378000000
cuda,22,0,epoch_average,6568.303780000
cuda,22,0,batch_average,24.347063123
cuda,22,0,prediction_total,2065.129000000
cuda,22,0,cpu_gpu_transfer,25321.897000000
cuda,22,0,gpu_cpu_transfer,75.383000000
cuda,22,0,gpu_compute,628587.416000000
cuda,22,0,application_total,667020.241000000
cuda,23,0,compilation,8451.144000000
cuda,23,0,model_setup,322.348000000
cuda,23,0,batch_loading,42228.284000000
cuda,23,0,training_total,652344.908000000
cuda,23,0,epoch_average,6523.449080000
cuda,23,0,batch_average,24.197850483
cuda,23,0,prediction_total,2171.371000000
cuda,23,0,cpu_gpu_transfer,20423.667000000
cuda,23,0,gpu_cpu_transfer,71.124000000
cuda,23,0,gpu_compute,630120.239000000
cuda,23,0,application_total,663001.907000000
cuda,24,0,compilation,8437.115000000
cuda,24,0,model_setup,336.706000000
cuda,24,0,batch_loading,47661.475000000
cuda,24,0,training_total,653633.559000000
cuda,24,0,epoch_average,6536.335590000
cuda,24,0,batch_average,24.234612639
cuda,24,0,prediction_total,2237.515000000
cuda,24,0,cpu_gpu_transfer,21672.494000000
cuda,24,0,gpu_cpu_transfer,103.304000000
cuda,24,0,gpu_compute,629454.764000000
cuda,24,0,application_total,664164.087000000
cuda,25,0,compilation,8613.423000000
cuda,25,0,model_setup,334.385000000
cuda,25,0,batch_loading,47889.629000000
cuda,25,0,training_total,654279.317000000
cuda,25,0,epoch_average,6542.793170000
cuda,25,0,batch_average,24.256471822
cuda,25,0,prediction_total,2182.297000000
cuda,25,0,cpu_gpu_transfer,22567.039000000
cuda,25,0,gpu_cpu_transfer,100.255000000
cuda,25,0,gpu_compute,629094.976000000
cuda,25,0,application_total,664752.871000000
cuda,26,0,compilation,8354.856000000
cuda,26,0,model_setup,363.607000000
cuda,26,0,batch_loading,47430.800000000
cuda,26,0,training_total,653212.543000000
cuda,26,0,epoch_average,6532.125430000
cuda,26,0,batch_average,24.217430632
cuda,26,0,prediction_total,2172.722000000
cuda,26,0,cpu_gpu_transfer,21469.070000000
cuda,26,0,gpu_cpu_transfer,101.383000000
cuda,26,0,gpu_compute,629197.415000000
cuda,26,0,application_total,663384.481000000
cuda,27,0,compilation,8442.190000000
cuda,27,0,model_setup,322.749000000
cuda,27,0,batch_loading,47959.172000000
cuda,27,0,training_total,653271.702000000
cuda,27,0,epoch_average,6532.717020000
cuda,27,0,batch_average,24.219045725
cuda,27,0,prediction_total,2211.922000000
cuda,27,0,cpu_gpu_transfer,21345.858000000
cuda,27,0,gpu_cpu_transfer,103.697000000
cuda,27,0,gpu_compute,629299.455000000
cuda,27,0,application_total,664070.799000000
cuda,28,0,compilation,8425.673000000
cuda,28,0,model_setup,335.163000000
cuda,28,0,batch_loading,42754.780000000
cuda,28,0,training_total,652514.594000000
cuda,28,0,epoch_average,6525.145940000
cuda,28,0,batch_average,24.200688885
cuda,28,0,prediction_total,2077.464000000
cuda,28,0,cpu_gpu_transfer,20786.933000000
cuda,28,0,gpu_cpu_transfer,71.261000000
cuda,28,0,gpu_compute,629511.863000000
cuda,28,0,application_total,663033.180000000
cuda,29,0,compilation,8254.315000000
cuda,29,0,model_setup,337.802000000
cuda,29,0,batch_loading,48539.117000000
cuda,29,0,training_total,654279.242000000
cuda,29,0,epoch_average,6542.792420000
cuda,29,0,batch_average,24.259391524
cuda,29,0,prediction_total,2212.342000000
cuda,29,0,cpu_gpu_transfer,23419.028000000
cuda,29,0,gpu_cpu_transfer,98.734000000
cuda,29,0,gpu_compute,628493.177000000
cuda,29,0,application_total,664822.920000000
cuda,30,0,compilation,8410.647000000
cuda,30,0,model_setup,342.881000000
cuda,30,0,batch_loading,46238.148000000
cuda,30,0,training_total,658944.915000000
cuda,30,0,epoch_average,6589.449150000
cuda,30,0,batch_average,24.438670967
cuda,30,0,prediction_total,2201.821000000
cuda,30,0,cpu_gpu_transfer,29634.000000000
cuda,30,0,gpu_cpu_transfer,74.548000000
cuda,30,0,gpu_compute,627299.619000000
cuda,30,0,application_total,669869.977000000
cuda,31,0,compilation,8592.892000000
cuda,31,0,model_setup,314.345000000
cuda,31,0,batch_loading,49374.070000000
cuda,31,0,training_total,661362.203000000
cuda,31,0,epoch_average,6613.622030000
cuda,31,0,batch_average,24.529074312
cuda,31,0,prediction_total,2269.978000000
cuda,31,0,cpu_gpu_transfer,32610.798000000
cuda,31,0,gpu_cpu_transfer,76.953000000
cuda,31,0,gpu_compute,626648.430000000
cuda,31,0,application_total,672180.862000000
cuda,32,0,compilation,8363.383000000
cuda,32,0,model_setup,332.335000000
cuda,32,0,batch_loading,47988.476000000
cuda,32,0,training_total,653742.943000000
cuda,32,0,epoch_average,6537.429430000
cuda,32,0,batch_average,24.238886803
cuda,32,0,prediction_total,2144.686000000
cuda,32,0,cpu_gpu_transfer,22186.602000000
cuda,32,0,gpu_cpu_transfer,106.020000000
cuda,32,0,gpu_compute,629091.667000000
cuda,32,0,application_total,664132.681000000
cuda,33,0,compilation,8543.440000000
cuda,33,0,model_setup,316.538000000
cuda,33,0,batch_loading,41157.383000000
cuda,33,0,training_total,652370.859000000
cuda,33,0,epoch_average,6523.708590000
cuda,33,0,batch_average,24.204910855
cuda,33,0,prediction_total,2027.437000000
cuda,33,0,cpu_gpu_transfer,21091.557000000
cuda,33,0,gpu_cpu_transfer,72.305000000
cuda,33,0,gpu_compute,629916.814000000
cuda,33,0,application_total,662111.321000000
cuda,34,0,compilation,8443.682000000
cuda,34,0,model_setup,372.378000000
cuda,34,0,batch_loading,47688.646000000
cuda,34,0,training_total,653759.877000000
cuda,34,0,epoch_average,6537.598770000
cuda,34,0,batch_average,24.236645019
cuda,34,0,prediction_total,2155.118000000
cuda,34,0,cpu_gpu_transfer,21507.076000000
cuda,34,0,gpu_cpu_transfer,100.931000000
cuda,34,0,gpu_compute,629233.878000000
cuda,34,0,application_total,664168.031000000
cuda,35,0,compilation,8518.061000000
cuda,35,0,model_setup,318.356000000
cuda,35,0,batch_loading,43222.785000000
cuda,35,0,training_total,652267.433000000
cuda,35,0,epoch_average,6522.674330000
cuda,35,0,batch_average,24.194300781
cuda,35,0,prediction_total,2150.313000000
cuda,35,0,cpu_gpu_transfer,21111.763000000
cuda,35,0,gpu_cpu_transfer,72.075000000
cuda,35,0,gpu_compute,629330.645000000
cuda,35,0,application_total,663172.945000000
cuda,36,0,compilation,8384.851000000
cuda,36,0,model_setup,336.414000000
cuda,36,0,batch_loading,47584.956000000
cuda,36,0,training_total,652979.097000000
cuda,36,0,epoch_average,6529.790970000
cuda,36,0,batch_average,24.209626654
cuda,36,0,prediction_total,2240.249000000
cuda,36,0,cpu_gpu_transfer,21246.402000000
cuda,36,0,gpu_cpu_transfer,108.043000000
cuda,36,0,gpu_compute,629241.594000000
cuda,36,0,application_total,663391.251000000
cuda,37,0,compilation,12496.085000000
cuda,37,0,model_setup,332.549000000
cuda,37,0,batch_loading,47547.863000000
cuda,37,0,training_total,653567.861000000
cuda,37,0,epoch_average,6535.678610000
cuda,37,0,batch_average,24.231478327
cuda,37,0,prediction_total,2205.082000000
cuda,37,0,cpu_gpu_transfer,21408.548000000
cuda,37,0,gpu_cpu_transfer,104.287000000
cuda,37,0,gpu_compute,629639.816000000
cuda,37,0,application_total,664181.993000000
cuda,38,0,compilation,8261.664000000
cuda,38,0,model_setup,332.180000000
cuda,38,0,batch_loading,48530.379000000
cuda,38,0,training_total,657420.290000000
cuda,38,0,epoch_average,6574.202900000
cuda,38,0,batch_average,24.375311747
cuda,38,0,prediction_total,2095.807000000
cuda,38,0,cpu_gpu_transfer,26476.394000000
cuda,38,0,gpu_cpu_transfer,71.460000000
cuda,38,0,gpu_compute,628467.669000000
cuda,38,0,application_total,667565.559000000
cuda,39,0,compilation,8450.574000000
cuda,39,0,model_setup,349.049000000
cuda,39,0,batch_loading,42261.661000000
cuda,39,0,training_total,652814.625000000
cuda,39,0,epoch_average,6528.146250000
cuda,39,0,batch_average,24.214253829
cuda,39,0,prediction_total,2120.182000000
cuda,39,0,cpu_gpu_transfer,20340.386000000
cuda,39,0,gpu_cpu_transfer,75.577000000
cuda,39,0,gpu_compute,630243.405000000
cuda,39,0,application_total,663162.017000000
cuda,40,0,compilation,8300.419000000
cuda,40,0,model_setup,328.522000000
cuda,40,0,batch_loading,55349.824000000
cuda,40,0,training_total,656368.259000000
cuda,40,0,epoch_average,6563.682590000
cuda,40,0,batch_average,24.334090335
cuda,40,0,prediction_total,2195.482000000
cuda,40,0,cpu_gpu_transfer,25029.779000000
cuda,40,0,gpu_cpu_transfer,73.685000000
cuda,40,0,gpu_compute,628710.668000000
cuda,40,0,application_total,666995.814000000
cuda,41,0,compilation,8446.915000000
cuda,41,0,model_setup,327.098000000
cuda,41,0,batch_loading,48556.951000000
cuda,41,0,training_total,654658.841000000
cuda,41,0,epoch_average,6546.588410000
cuda,41,0,batch_average,24.271580855
cuda,41,0,prediction_total,2181.341000000
cuda,41,0,cpu_gpu_transfer,22491.128000000
cuda,41,0,gpu_cpu_transfer,103.113000000
cuda,41,0,gpu_compute,629676.140000000
cuda,41,0,application_total,665136.363000000
cuda,42,0,compilation,8355.512000000
cuda,42,0,model_setup,325.376000000
cuda,42,0,batch_loading,55167.099000000
cuda,42,0,training_total,656562.146000000
cuda,42,0,epoch_average,6565.621460000
cuda,42,0,batch_average,24.343977100
cuda,42,0,prediction_total,2061.729000000
cuda,42,0,cpu_gpu_transfer,25475.671000000
cuda,42,0,gpu_cpu_transfer,74.398000000
cuda,42,0,gpu_compute,628698.909000000
cuda,42,0,application_total,666519.304000000
cuda,43,0,compilation,8422.155000000
cuda,43,0,model_setup,328.878000000
cuda,43,0,batch_loading,45135.849000000
cuda,43,0,training_total,659220.910000000
cuda,43,0,epoch_average,6592.209100000
cuda,43,0,batch_average,24.454617770
cuda,43,0,prediction_total,2514.228000000
cuda,43,0,cpu_gpu_transfer,29680.840000000
cuda,43,0,gpu_cpu_transfer,96.397000000
cuda,43,0,gpu_compute,628269.375000000
cuda,43,0,application_total,670359.044000000
cuda,44,0,compilation,8355.939000000
cuda,44,0,model_setup,328.263000000
cuda,44,0,batch_loading,49254.674000000
cuda,44,0,training_total,655884.837000000
cuda,44,0,epoch_average,6558.848370000
cuda,44,0,batch_average,24.318296506
cuda,44,0,prediction_total,2214.306000000
cuda,44,0,cpu_gpu_transfer,23680.847000000
cuda,44,0,gpu_cpu_transfer,102.787000000
cuda,44,0,gpu_compute,629733.005000000
cuda,44,0,application_total,666519.554000000
cuda,45,0,compilation,8305.631000000
cuda,45,0,model_setup,329.514000000
cuda,45,0,batch_loading,48695.012000000
cuda,45,0,training_total,655844.461000000
cuda,45,0,epoch_average,6558.444610000
cuda,45,0,batch_average,24.312969331
cuda,45,0,prediction_total,2251.186000000
cuda,45,0,cpu_gpu_transfer,23551.486000000
cuda,45,0,gpu_cpu_transfer,104.880000000
cuda,45,0,gpu_compute,629642.115000000
cuda,45,0,application_total,666289.181000000
cuda,46,0,compilation,8276.508000000
cuda,46,0,model_setup,331.696000000
cuda,46,0,batch_loading,48052.224000000
cuda,46,0,training_total,654474.347000000
cuda,46,0,epoch_average,6544.743470000
cuda,46,0,batch_average,24.266138290
cuda,46,0,prediction_total,2202.485000000
cuda,46,0,cpu_gpu_transfer,22063.978000000
cuda,46,0,gpu_cpu_transfer,107.049000000
cuda,46,0,gpu_compute,630149.857000000
cuda,46,0,application_total,665173.797000000
cuda,47,0,compilation,8311.746000000
cuda,47,0,model_setup,367.388000000
cuda,47,0,batch_loading,48061.625000000
cuda,47,0,training_total,654328.771000000
cuda,47,0,epoch_average,6543.287710000
cuda,47,0,batch_average,24.257999219
cuda,47,0,prediction_total,2163.697000000
cuda,47,0,cpu_gpu_transfer,21627.908000000
cuda,47,0,gpu_cpu_transfer,101.945000000
cuda,47,0,gpu_compute,629683.720000000
cuda,47,0,application_total,664597.897000000
cuda,48,0,compilation,8521.707000000
cuda,48,0,model_setup,358.436000000
cuda,48,0,batch_loading,41076.894000000
cuda,48,0,training_total,652532.539000000
cuda,48,0,epoch_average,6525.325390000
cuda,48,0,batch_average,24.203487658
cuda,48,0,prediction_total,2167.229000000
cuda,48,0,cpu_gpu_transfer,20695.589000000
cuda,48,0,gpu_cpu_transfer,70.091000000
cuda,48,0,gpu_compute,629899.520000000
cuda,48,0,application_total,662822.008000000
cuda,49,0,compilation,8216.229000000
cuda,49,0,model_setup,334.047000000
cuda,49,0,batch_loading,56364.591000000
cuda,49,0,training_total,657732.697000000
cuda,49,0,epoch_average,6577.326970000
cuda,49,0,batch_average,24.383344721
cuda,49,0,prediction_total,2140.212000000
cuda,49,0,cpu_gpu_transfer,26786.121000000
cuda,49,0,gpu_cpu_transfer,76.322000000
cuda,49,0,gpu_compute,628349.571000000
cuda,49,0,application_total,668422.389000000
cuda,50,0,compilation,8191.857000000
cuda,50,0,model_setup,373.228000000
cuda,50,0,batch_loading,40453.989000000
cuda,50,0,training_total,652767.234000000
cuda,50,0,epoch_average,6527.672340000
cuda,50,0,batch_average,24.213455725
cuda,50,0,prediction_total,2026.101000000
cuda,50,0,cpu_gpu_transfer,20515.950000000
cuda,50,0,gpu_cpu_transfer,70.363000000
cuda,50,0,gpu_compute,630319.717000000
cuda,50,0,application_total,662772.782000000
cuda,51,0,compilation,8237.121000000
cuda,51,0,model_setup,323.075000000
cuda,51,0,batch_loading,40336.653000000
cuda,51,0,training_total,652868.574000000
cuda,51,0,epoch_average,6528.685740000
cuda,51,0,batch_average,24.213675911
cuda,51,0,prediction_total,2169.254000000
cuda,51,0,cpu_gpu_transfer,20228.841000000
cuda,51,0,gpu_cpu_transfer,71.152000000
cuda,51,0,gpu_compute,630389.568000000
cuda,51,0,application_total,662958.659000000
cuda,52,0,compilation,8059.064000000
cuda,52,0,model_setup,314.942000000
cuda,52,0,batch_loading,40168.373000000
cuda,52,0,training_total,653148.636000000
cuda,52,0,epoch_average,6531.486360000
cuda,52,0,batch_average,24.226936617
cuda,52,0,prediction_total,2066.015000000
cuda,52,0,cpu_gpu_transfer,20121.034000000
cuda,52,0,gpu_cpu_transfer,69.346000000
cuda,52,0,gpu_compute,630605.067000000
cuda,52,0,application_total,663176.782000000
cuda,53,0,compilation,8196.209000000
cuda,53,0,model_setup,335.692000000
cuda,53,0,batch_loading,40048.426000000
cuda,53,0,training_total,653043.191000000
cuda,53,0,epoch_average,6530.431910000
cuda,53,0,batch_average,24.222866543
cuda,53,0,prediction_total,2042.810000000
cuda,53,0,cpu_gpu_transfer,19981.292000000
cuda,53,0,gpu_cpu_transfer,69.638000000
cuda,53,0,gpu_compute,630620.964000000
cuda,53,0,application_total,663287.332000000
cuda,54,0,compilation,8317.177000000
cuda,54,0,model_setup,321.877000000
cuda,54,0,batch_loading,57169.328000000
cuda,54,0,training_total,657322.311000000
cuda,54,0,epoch_average,6573.223110000
cuda,54,0,batch_average,24.364287993
cuda,54,0,prediction_total,2212.842000000
cuda,54,0,cpu_gpu_transfer,25421.686000000
cuda,54,0,gpu_cpu_transfer,75.641000000
cuda,54,0,gpu_compute,628997.810000000
cuda,54,0,application_total,668088.009000000
cuda,55,0,compilation,8318.618000000
cuda,55,0,model_setup,323.735000000
cuda,55,0,batch_loading,39662.399000000
cuda,55,0,training_total,652662.726000000
cuda,55,0,epoch_average,6526.627260000
cuda,55,0,batch_average,24.208714312
cuda,55,0,prediction_total,2146.851000000
cuda,55,0,cpu_gpu_transfer,20178.194000000
cuda,55,0,gpu_cpu_transfer,70.068000000
cuda,55,0,gpu_compute,630532.215000000
cuda,55,0,application_total,662973.842000000
cuda,56,0,compilation,8281.722000000
cuda,56,0,model_setup,323.241000000
cuda,56,0,batch_loading,39925.143000000
cuda,56,0,training_total,652753.113000000
cuda,56,0,epoch_average,6527.531130000
cuda,56,0,batch_average,24.213189591
cuda,56,0,prediction_total,2113.310000000
cuda,56,0,cpu_gpu_transfer,20340.286000000
cuda,56,0,gpu_cpu_transfer,71.036000000
cuda,56,0,gpu_compute,630562.324000000
cuda,56,0,application_total,663601.238000000
cuda,57,0,compilation,8342.794000000
cuda,57,0,model_setup,325.506000000
cuda,57,0,batch_loading,40245.544000000
cuda,57,0,training_total,652863.815000000
cuda,57,0,epoch_average,6528.638150000
cuda,57,0,batch_average,24.214457658
cuda,57,0,prediction_total,2082.508000000
cuda,57,0,cpu_gpu_transfer,20154.675000000
cuda,57,0,gpu_cpu_transfer,74.333000000
cuda,57,0,gpu_compute,630560.232000000
cuda,57,0,application_total,662790.749000000
cuda,58,0,compilation,8418.456000000
cuda,58,0,model_setup,323.172000000
cuda,58,0,batch_loading,49427.759000000
cuda,58,0,training_total,655693.690000000
cuda,58,0,epoch_average,6556.936900000
cuda,58,0,batch_average,24.305868104
cuda,58,0,prediction_total,2187.377000000
cuda,58,0,cpu_gpu_transfer,22632.413000000
cuda,58,0,gpu_cpu_transfer,104.312000000
cuda,58,0,gpu_compute,629966.313000000
cuda,58,0,application_total,666271.467000000
cuda,59,0,compilation,8152.424000000
cuda,59,0,model_setup,320.230000000
cuda,59,0,batch_loading,56979.256000000
cuda,59,0,training_total,657195.314000000
cuda,59,0,epoch_average,6571.953140000
cuda,59,0,batch_average,24.362751450
cuda,59,0,prediction_total,2132.784000000
cuda,59,0,cpu_gpu_transfer,25569.636000000
cuda,59,0,gpu_cpu_transfer,75.043000000
cuda,59,0,gpu_compute,628974.075000000
cuda,59,0,application_total,667589.561000000
cuda,60,0,compilation,8277.657000000
cuda,60,0,model_setup,315.952000000
cuda,60,0,batch_loading,40436.269000000
cuda,60,0,training_total,653440.211000000
cuda,60,0,epoch_average,6534.402110000
cuda,60,0,batch_average,24.236729331
cuda,60,0,prediction_total,2069.682000000
cuda,60,0,cpu_gpu_transfer,20636.459000000
cuda,60,0,gpu_cpu_transfer,72.382000000
cuda,60,0,gpu_compute,630725.310000000
cuda,60,0,application_total,663551.485000000
cuda,61,0,compilation,8557.647000000
cuda,61,0,model_setup,311.809000000
cuda,61,0,batch_loading,40030.696000000
cuda,61,0,training_total,652566.362000000
cuda,61,0,epoch_average,6525.663620000
cuda,61,0,batch_average,24.204448104
cuda,61,0,prediction_total,2126.049000000
cuda,61,0,cpu_gpu_transfer,20235.630000000
cuda,61,0,gpu_cpu_transfer,71.149000000
cuda,61,0,gpu_compute,630284.136000000
cuda,61,0,application_total,662994.699000000
cuda,62,0,compilation,8253.369000000
cuda,62,0,model_setup,314.075000000
cuda,62,0,batch_loading,40507.488000000
cuda,62,0,training_total,653152.184000000
cuda,62,0,epoch_average,6531.521840000
cuda,62,0,batch_average,24.228500446
cuda,62,0,prediction_total,2067.994000000
cuda,62,0,cpu_gpu_transfer,21012.438000000
cuda,62,0,gpu_cpu_transfer,71.505000000
cuda,62,0,gpu_compute,630230.201000000
cuda,62,0,application_total,663362.722000000
cuda,63,0,compilation,8163.870000000
cuda,63,0,model_setup,350.904000000
cuda,63,0,batch_loading,49319.798000000
cuda,63,0,training_total,654275.610000000
cuda,63,0,epoch_average,6542.756100000
cuda,63,0,batch_average,24.251709480
cuda,63,0,prediction_total,2164.799000000
cuda,63,0,cpu_gpu_transfer,21633.402000000
cuda,63,0,gpu_cpu_transfer,104.084000000
cuda,63,0,gpu_compute,629907.128000000
cuda,63,0,application_total,664674.623000000
cuda,64,0,compilation,8560.551000000
cuda,64,0,model_setup,416.054000000
cuda,64,0,batch_loading,39814.344000000
cuda,64,0,training_total,653854.836000000
cuda,64,0,epoch_average,6538.548360000
cuda,64,0,batch_average,24.250255390
cuda,64,0,prediction_total,2033.741000000
cuda,64,0,cpu_gpu_transfer,21570.475000000
cuda,64,0,gpu_cpu_transfer,69.812000000
cuda,64,0,gpu_compute,630113.847000000
cuda,64,0,application_total,664010.463000000
cuda,65,0,compilation,8328.891000000
cuda,65,0,model_setup,321.752000000
cuda,65,0,batch_loading,56913.829000000
cuda,65,0,training_total,657306.906000000
cuda,65,0,epoch_average,6573.069060000
cuda,65,0,batch_average,24.366289628
cuda,65,0,prediction_total,2260.256000000
cuda,65,0,cpu_gpu_transfer,25686.521000000
cuda,65,0,gpu_cpu_transfer,75.520000000
cuda,65,0,gpu_compute,629013.105000000
cuda,65,0,application_total,668097.836000000
cuda,66,0,compilation,8362.476000000
cuda,66,0,model_setup,316.337000000
cuda,66,0,batch_loading,39430.633000000
cuda,66,0,training_total,652436.323000000
cuda,66,0,epoch_average,6524.363230000
cuda,66,0,batch_average,24.208791413
cuda,66,0,prediction_total,2115.115000000
cuda,66,0,cpu_gpu_transfer,20486.359000000
cuda,66,0,gpu_cpu_transfer,71.730000000
cuda,66,0,gpu_compute,630690.398000000
cuda,66,0,application_total,663069.526000000
cuda,67,0,compilation,8191.737000000
cuda,67,0,model_setup,348.308000000
cuda,67,0,batch_loading,44829.257000000
cuda,67,0,training_total,660332.391000000
cuda,67,0,epoch_average,6603.323910000
cuda,67,0,batch_average,24.490635167
cuda,67,0,prediction_total,2148.422000000
cuda,67,0,cpu_gpu_transfer,30148.248000000
cuda,67,0,gpu_cpu_transfer,71.264000000
cuda,67,0,gpu_compute,628017.309000000
cuda,67,0,application_total,670720.980000000
cuda,68,0,compilation,8182.733000000
cuda,68,0,model_setup,423.848000000
cuda,68,0,batch_loading,49055.298000000
cuda,68,0,training_total,654042.619000000
cuda,68,0,epoch_average,6540.426190000
cuda,68,0,batch_average,24.244756394
cuda,68,0,prediction_total,2176.815000000
cuda,68,0,cpu_gpu_transfer,21402.230000000
cuda,68,0,gpu_cpu_transfer,101.793000000
cuda,68,0,gpu_compute,629903.881000000
cuda,68,0,application_total,668117.801000000
cuda,69,0,compilation,8341.770000000
cuda,69,0,model_setup,320.758000000
cuda,69,0,batch_loading,57153.041000000
cuda,69,0,training_total,656921.726000000
cuda,69,0,epoch_average,6569.217260000
cuda,69,0,batch_average,24.349555576
cuda,69,0,prediction_total,2124.831000000
cuda,69,0,cpu_gpu_transfer,25455.937000000
cuda,69,0,gpu_cpu_transfer,76.477000000
cuda,69,0,gpu_compute,628613.931000000
cuda,69,0,application_total,667532.330000000
cuda,70,0,compilation,8361.851000000
cuda,70,0,model_setup,346.619000000
cuda,70,0,batch_loading,40702.136000000
cuda,70,0,training_total,652505.737000000
cuda,70,0,epoch_average,6525.057370000
cuda,70,0,batch_average,24.202711970
cuda,70,0,prediction_total,2049.186000000
cuda,70,0,cpu_gpu_transfer,21214.451000000
cuda,70,0,gpu_cpu_transfer,70.192000000
cuda,70,0,gpu_compute,629290.681000000
cuda,70,0,application_total,662549.441000000
cuda,71,0,compilation,8281.646000000
cuda,71,0,model_setup,318.430000000
cuda,71,0,batch_loading,49117.498000000
cuda,71,0,training_total,653232.962000000
cuda,71,0,epoch_average,6532.329620000
cuda,71,0,batch_average,24.216306691
cuda,71,0,prediction_total,2157.263000000
cuda,71,0,cpu_gpu_transfer,21514.676000000
cuda,71,0,gpu_cpu_transfer,101.781000000
cuda,71,0,gpu_compute,628788.459000000
cuda,71,0,application_total,663924.695000000
cuda,72,0,compilation,8291.077000000
cuda,72,0,model_setup,333.491000000
cuda,72,0,batch_loading,55124.299000000
cuda,72,0,training_total,656511.093000000
cuda,72,0,epoch_average,6565.110930000
cuda,72,0,batch_average,24.337491561
cuda,72,0,prediction_total,2080.107000000
cuda,72,0,cpu_gpu_transfer,25919.615000000
cuda,72,0,gpu_cpu_transfer,76.450000000
cuda,72,0,gpu_compute,627870.722000000
cuda,72,0,application_total,666511.425000000
cuda,73,0,compilation,8246.747000000
cuda,73,0,model_setup,321.267000000
cuda,73,0,batch_loading,57641.332000000
cuda,73,0,training_total,656259.320000000
cuda,73,0,epoch_average,6562.593200000
cuda,73,0,batch_average,24.326961041
cuda,73,0,prediction_total,2164.105000000
cuda,73,0,cpu_gpu_transfer,25700.932000000
cuda,73,0,gpu_cpu_transfer,76.810000000
cuda,73,0,gpu_compute,627814.852000000
cuda,73,0,application_total,666862.193000000
cuda,74,0,compilation,8349.647000000
cuda,74,0,model_setup,327.297000000
cuda,74,0,batch_loading,49348.181000000
cuda,74,0,training_total,653000.307000000
cuda,74,0,epoch_average,6530.003070000
cuda,74,0,batch_average,24.206761041
cuda,74,0,prediction_total,2141.595000000
cuda,74,0,cpu_gpu_transfer,21441.637000000
cuda,74,0,gpu_cpu_transfer,105.421000000
cuda,74,0,gpu_compute,628858.011000000
cuda,74,0,application_total,663211.437000000
cuda,75,0,compilation,8263.383000000
cuda,75,0,model_setup,321.512000000
cuda,75,0,batch_loading,43457.213000000
cuda,75,0,training_total,658077.787000000
cuda,75,0,epoch_average,6580.777870000
cuda,75,0,batch_average,24.409647807
cuda,75,0,prediction_total,2203.418000000
cuda,75,0,cpu_gpu_transfer,29237.263000000
cuda,75,0,gpu_cpu_transfer,71.227000000
cuda,75,0,gpu_compute,626970.669000000
cuda,75,0,application_total,668570.706000000
cuda,76,0,compilation,8197.760000000
cuda,76,0,model_setup,356.439000000
cuda,76,0,batch_loading,40665.529000000
cuda,76,0,training_total,651937.757000000
cuda,76,0,epoch_average,6519.377570000
cuda,76,0,batch_average,24.179848401
cuda,76,0,prediction_total,2071.160000000
cuda,76,0,cpu_gpu_transfer,21145.120000000
cuda,76,0,gpu_cpu_transfer,70.936000000
cuda,76,0,gpu_compute,628673.290000000
cuda,76,0,application_total,661775.813000000
cuda,77,0,compilation,8183.387000000
cuda,77,0,model_setup,323.721000000
cuda,77,0,batch_loading,49330.329000000
cuda,77,0,training_total,652485.909000000
cuda,77,0,epoch_average,6524.859090000
cuda,77,0,batch_average,24.184864052
cuda,77,0,prediction_total,2433.881000000
cuda,77,0,cpu_gpu_transfer,21566.306000000
cuda,77,0,gpu_cpu_transfer,106.359000000
cuda,77,0,gpu_compute,628357.569000000
cuda,77,0,application_total,663537.410000000
cuda,78,0,compilation,8379.641000000
cuda,78,0,model_setup,334.245000000
cuda,78,0,batch_loading,44324.467000000
cuda,78,0,training_total,658938.191000000
cuda,78,0,epoch_average,6589.381910000
cuda,78,0,batch_average,24.442467807
cuda,78,0,prediction_total,2148.920000000
cuda,78,0,cpu_gpu_transfer,30296.015000000
cuda,78,0,gpu_cpu_transfer,71.159000000
cuda,78,0,gpu_compute,626739.136000000
cuda,78,0,application_total,669264.553000000
cuda,79,0,compilation,8557.923000000
cuda,79,0,model_setup,317.295000000
cuda,79,0,batch_loading,40130.818000000
cuda,79,0,training_total,651488.955000000
cuda,79,0,epoch_average,6514.889550000
cuda,79,0,batch_average,24.162792379
cuda,79,0,prediction_total,2078.442000000
cuda,79,0,cpu_gpu_transfer,20688.261000000
cuda,79,0,gpu_cpu_transfer,70.936000000
cuda,79,0,gpu_compute,628645.789000000
cuda,79,0,application_total,661926.075000000
cuda,80,0,compilation,8241.197000000
cuda,80,0,model_setup,336.432000000
cuda,80,0,batch_loading,57303.379000000
cuda,80,0,training_total,655584.806000000
cuda,80,0,epoch_average,6555.848060000
cuda,80,0,batch_average,24.300904796
cuda,80,0,prediction_total,2166.588000000
cuda,80,0,cpu_gpu_transfer,25506.682000000
cuda,80,0,gpu_cpu_transfer,75.784000000
cuda,80,0,gpu_compute,627223.247000000
cuda,80,0,application_total,666037.108000000
cuda,81,0,compilation,8252.970000000
cuda,81,0,model_setup,356.997000000
cuda,81,0,batch_loading,49966.453000000
cuda,81,0,training_total,658616.077000000
cuda,81,0,epoch_average,6586.160770000
cuda,81,0,batch_average,24.421513420
cuda,81,0,prediction_total,2693.192000000
cuda,81,0,cpu_gpu_transfer,29747.188000000
cuda,81,0,gpu_cpu_transfer,88.721000000
cuda,81,0,gpu_compute,626580.589000000
cuda,81,0,application_total,669959.208000000
cuda,82,0,compilation,8285.340000000
cuda,82,0,model_setup,308.403000000
cuda,82,0,batch_loading,40736.486000000
cuda,82,0,training_total,651514.049000000
cuda,82,0,epoch_average,6515.140490000
cuda,82,0,batch_average,24.162532119
cuda,82,0,prediction_total,2139.089000000
cuda,82,0,cpu_gpu_transfer,20249.181000000
cuda,82,0,gpu_cpu_transfer,70.591000000
cuda,82,0,gpu_compute,628577.406000000
cuda,82,0,application_total,661425.053000000
cuda,83,0,compilation,8015.379000000
cuda,83,0,model_setup,322.785000000
cuda,83,0,batch_loading,38615.129000000
cuda,83,0,training_total,651916.318000000
cuda,83,0,epoch_average,6519.163180000
cuda,83,0,batch_average,24.181364498
cuda,83,0,prediction_total,2104.929000000
cuda,83,0,cpu_gpu_transfer,21559.550000000
cuda,83,0,gpu_cpu_transfer,72.434000000
cuda,83,0,gpu_compute,628412.175000000
cuda,83,0,application_total,662012.628000000
cuda,84,0,compilation,8178.148000000
cuda,84,0,model_setup,319.821000000
cuda,84,0,batch_loading,39182.424000000
cuda,84,0,training_total,651186.598000000
cuda,84,0,epoch_average,6511.865980000
cuda,84,0,batch_average,24.156111524
cuda,84,0,prediction_total,2122.657000000
cuda,84,0,cpu_gpu_transfer,20593.075000000
cuda,84,0,gpu_cpu_transfer,69.164000000
cuda,84,0,gpu_compute,628707.933000000
cuda,84,0,application_total,661234.861000000
cuda,85,0,compilation,8097.455000000
cuda,85,0,model_setup,350.368000000
cuda,85,0,batch_loading,48790.285000000
cuda,85,0,training_total,652633.132000000
cuda,85,0,epoch_average,6526.331320000
cuda,85,0,batch_average,24.189669331
cuda,85,0,prediction_total,2163.418000000
cuda,85,0,cpu_gpu_transfer,21460.793000000
cuda,85,0,gpu_cpu_transfer,102.060000000
cuda,85,0,gpu_compute,628351.392000000
cuda,85,0,application_total,663153.207000000
cuda,86,0,compilation,8281.447000000
cuda,86,0,model_setup,373.589000000
cuda,86,0,batch_loading,48799.340000000
cuda,86,0,training_total,652228.561000000
cuda,86,0,epoch_average,6522.285610000
cuda,86,0,batch_average,24.179115948
cuda,86,0,prediction_total,2152.203000000
cuda,86,0,cpu_gpu_transfer,21271.051000000
cuda,86,0,gpu_cpu_transfer,98.142000000
cuda,86,0,gpu_compute,628302.106000000
cuda,86,0,application_total,662667.608000000
cuda,87,0,compilation,8405.717000000
cuda,87,0,model_setup,326.513000000
cuda,87,0,batch_loading,42758.007000000
cuda,87,0,training_total,657998.254000000
cuda,87,0,epoch_average,6579.982540000
cuda,87,0,batch_average,24.411120223
cuda,87,0,prediction_total,2174.996000000
cuda,87,0,cpu_gpu_transfer,29247.211000000
cuda,87,0,gpu_cpu_transfer,70.550000000
cuda,87,0,gpu_compute,627164.771000000
cuda,87,0,application_total,668626.189000000
cuda,88,0,compilation,8252.224000000
cuda,88,0,model_setup,314.743000000
cuda,88,0,batch_loading,38985.232000000
cuda,88,0,training_total,651418.101000000
cuda,88,0,epoch_average,6514.181010000
cuda,88,0,batch_average,24.165489071
cuda,88,0,prediction_total,2219.440000000
cuda,88,0,cpu_gpu_transfer,20846.017000000
cuda,88,0,gpu_cpu_transfer,77.168000000
cuda,88,0,gpu_compute,628789.049000000
cuda,88,0,application_total,661349.509000000
cuda,89,0,compilation,8116.972000000
cuda,89,0,model_setup,324.026000000
cuda,89,0,batch_loading,50329.010000000
cuda,89,0,training_total,654560.770000000
cuda,89,0,epoch_average,6545.607700000
cuda,89,0,batch_average,24.262393569
cuda,89,0,prediction_total,2207.126000000
cuda,89,0,cpu_gpu_transfer,24018.870000000
cuda,89,0,gpu_cpu_transfer,106.210000000
cuda,89,0,gpu_compute,627632.990000000
cuda,89,0,application_total,665154.188000000
cuda,90,0,compilation,8115.853000000
cuda,90,0,model_setup,335.394000000
cuda,90,0,batch_loading,49626.782000000
cuda,90,0,training_total,652487.633000000
cuda,90,0,epoch_average,6524.876330000
cuda,90,0,batch_average,24.184354944
cuda,90,0,prediction_total,2182.677000000
cuda,90,0,cpu_gpu_transfer,21422.217000000
cuda,90,0,gpu_cpu_transfer,103.147000000
cuda,90,0,gpu_compute,628153.119000000
cuda,90,0,application_total,663346.881000000
cuda,91,0,compilation,8336.367000000
cuda,91,0,model_setup,321.207000000
cuda,91,0,batch_loading,40988.508000000
cuda,91,0,training_total,653057.592000000
cuda,91,0,epoch_average,6530.575920000
cuda,91,0,batch_average,24.222826654
cuda,91,0,prediction_total,2226.619000000
cuda,91,0,cpu_gpu_transfer,22300.053000000
cuda,91,0,gpu_cpu_transfer,70.898000000
cuda,91,0,gpu_compute,628766.206000000
cuda,91,0,application_total,662622.061000000
cuda,92,0,compilation,8009.939000000
cuda,92,0,model_setup,322.735000000
cuda,92,0,batch_loading,56742.651000000
cuda,92,0,training_total,656260.167000000
cuda,92,0,epoch_average,6562.601670000
cuda,92,0,batch_average,24.326739740
cuda,92,0,prediction_total,2158.217000000
cuda,92,0,cpu_gpu_transfer,25765.900000000
cuda,92,0,gpu_cpu_transfer,76.785000000
cuda,92,0,gpu_compute,627697.858000000
cuda,92,0,application_total,667196.434000000
cuda,93,0,compilation,8209.759000000
cuda,93,0,model_setup,341.616000000
cuda,93,0,batch_loading,43694.195000000
cuda,93,0,training_total,657970.479000000
cuda,93,0,epoch_average,6579.704790000
cuda,93,0,batch_average,24.404838141
cuda,93,0,prediction_total,2230.489000000
cuda,93,0,cpu_gpu_transfer,29469.707000000
cuda,93,0,gpu_cpu_transfer,72.345000000
cuda,93,0,gpu_compute,626440.997000000
cuda,93,0,application_total,668612.298000000
cuda,94,0,compilation,8123.577000000
cuda,94,0,model_setup,318.401000000
cuda,94,0,batch_loading,39769.617000000
cuda,94,0,training_total,652053.599000000
cuda,94,0,epoch_average,6520.535990000
cuda,94,0,batch_average,24.187986506
cuda,94,0,prediction_total,2273.933000000
cuda,94,0,cpu_gpu_transfer,21184.710000000
cuda,94,0,gpu_cpu_transfer,69.350000000
cuda,94,0,gpu_compute,628704.886000000
cuda,94,0,application_total,661726.266000000
cuda,95,0,compilation,8937.725000000
cuda,95,0,model_setup,330.657000000
cuda,95,0,batch_loading,42465.593000000
cuda,95,0,training_total,658084.396000000
cuda,95,0,epoch_average,6580.843960000
cuda,95,0,batch_average,24.412487509
cuda,95,0,prediction_total,2143.559000000
cuda,95,0,cpu_gpu_transfer,29194.493000000
cuda,95,0,gpu_cpu_transfer,70.620000000
cuda,95,0,gpu_compute,627062.112000000
cuda,95,0,application_total,668403.557000000
cuda,96,0,compilation,8234.025000000
cuda,96,0,model_setup,310.871000000
cuda,96,0,batch_loading,39015.964000000
cuda,96,0,training_total,650697.770000000
cuda,96,0,epoch_average,6506.977700000
cuda,96,0,batch_average,24.144594944
cuda,96,0,prediction_total,2202.450000000
cuda,96,0,cpu_gpu_transfer,20568.207000000
cuda,96,0,gpu_cpu_transfer,69.320000000
cuda,96,0,gpu_compute,628871.545000000
cuda,96,0,application_total,661453.902000000
cuda,97,0,compilation,8285.325000000
cuda,97,0,model_setup,357.561000000
cuda,97,0,batch_loading,49004.080000000
cuda,97,0,training_total,652771.303000000
cuda,97,0,epoch_average,6527.713030000
cuda,97,0,batch_average,24.199486171
cuda,97,0,prediction_total,2202.139000000
cuda,97,0,cpu_gpu_transfer,21623.475000000
cuda,97,0,gpu_cpu_transfer,108.074000000
cuda,97,0,gpu_compute,628647.803000000
cuda,97,0,application_total,663734.327000000
cuda,98,0,compilation,8150.143000000
cuda,98,0,model_setup,331.345000000
cuda,98,0,batch_loading,40640.403000000
cuda,98,0,training_total,651314.548000000
cuda,98,0,epoch_average,6513.145480000
cuda,98,0,batch_average,24.158860409
cuda,98,0,prediction_total,2162.728000000
cuda,98,0,cpu_gpu_transfer,20767.828000000
cuda,98,0,gpu_cpu_transfer,71.416000000
cuda,98,0,gpu_compute,628625.245000000
cuda,98,0,application_total,661753.072000000
cuda,99,0,compilation,8284.172000000
cuda,99,0,model_setup,339.460000000
cuda,99,0,batch_loading,47090.344000000
cuda,99,0,training_total,658776.832000000
cuda,99,0,epoch_average,6587.768320000
cuda,99,0,batch_average,24.431191561
cuda,99,0,prediction_total,2118.823000000
cuda,99,0,cpu_gpu_transfer,29799.668000000
cuda,99,0,gpu_cpu_transfer,73.940000000
cuda,99,0,gpu_compute,626539.381000000
cuda,99,0,application_total,668793.750000000
cuda,100,0,compilation,8300.561000000
cuda,100,0,model_setup,326.850000000
cuda,100,0,batch_loading,40421.354000000
cuda,100,0,training_total,651848.352000000
cuda,100,0,epoch_average,6518.483520000
cuda,100,0,batch_average,24.174556022
cuda,100,0,prediction_total,2094.412000000
cuda,100,0,cpu_gpu_transfer,20874.026000000
cuda,100,0,gpu_cpu_transfer,71.597000000
cuda,100,0,gpu_compute,628688.475000000
cuda,100,0,application_total,662187.955000000
cuda,101,0,compilation,8494.736000000
cuda,101,0,model_setup,316.182000000
cuda,101,0,batch_loading,40149.865000000
cuda,101,0,training_total,651047.862000000
cuda,101,0,epoch_average,6510.478620000
cuda,101,0,batch_average,24.147749071
cuda,101,0,prediction_total,2054.300000000
cuda,101,0,cpu_gpu_transfer,20365.896000000
cuda,101,0,gpu_cpu_transfer,69.104000000
cuda,101,0,gpu_compute,628687.055000000
cuda,101,0,application_total,661042.761000000
polyhok,1,1,compilation,13648.000000000
polyhok,1,1,model_setup,432.713000000
polyhok,1,1,batch_loading,67009.280000000
polyhok,1,1,training_total,694545.009000000
polyhok,1,1,epoch_average,6945.450090000
polyhok,1,1,batch_average,25.784894907
polyhok,1,1,prediction_total,5811.888000000
polyhok,1,1,cpu_gpu_transfer,27820.479000000
polyhok,1,1,gpu_cpu_transfer,3677.232000000
polyhok,1,1,gpu_compute,667671.420000000
polyhok,1,1,application_total,708895.942000000
polyhok,2,0,compilation,13381.466000000
polyhok,2,0,model_setup,440.943000000
polyhok,2,0,batch_loading,64954.042000000
polyhok,2,0,training_total,692715.364000000
polyhok,2,0,epoch_average,6927.153640000
polyhok,2,0,batch_average,25.717180000
polyhok,2,0,prediction_total,6410.211000000
polyhok,2,0,cpu_gpu_transfer,26479.106000000
polyhok,2,0,gpu_cpu_transfer,4229.657000000
polyhok,2,0,gpu_compute,667210.305000000
polyhok,2,0,application_total,708718.584000000
polyhok,3,0,compilation,14165.594000000
polyhok,3,0,model_setup,439.369000000
polyhok,3,0,batch_loading,75284.753000000
polyhok,3,0,training_total,700615.951000000
polyhok,3,0,epoch_average,7006.159510000
polyhok,3,0,batch_average,26.010942565
polyhok,3,0,prediction_total,6560.227000000
polyhok,3,0,cpu_gpu_transfer,36636.567000000
polyhok,3,0,gpu_cpu_transfer,4152.492000000
polyhok,3,0,gpu_compute,665208.014000000
polyhok,3,0,application_total,716288.126000000
polyhok,4,0,compilation,13077.378000000
polyhok,4,0,model_setup,421.376000000
polyhok,4,0,batch_loading,79006.619000000
polyhok,4,0,training_total,704677.124000000
polyhok,4,0,epoch_average,7046.771240000
polyhok,4,0,batch_average,26.149371933
polyhok,4,0,prediction_total,6114.453000000
polyhok,4,0,cpu_gpu_transfer,31185.882000000
polyhok,4,0,gpu_cpu_transfer,3900.782000000
polyhok,4,0,gpu_compute,674128.357000000
polyhok,4,0,application_total,719651.971000000
polyhok,5,0,compilation,13108.052000000
polyhok,5,0,model_setup,434.113000000
polyhok,5,0,batch_loading,75499.572000000
polyhok,5,0,training_total,700389.749000000
polyhok,5,0,epoch_average,7003.897490000
polyhok,5,0,batch_average,26.001210558
polyhok,5,0,prediction_total,5942.491000000
polyhok,5,0,cpu_gpu_transfer,37020.439000000
polyhok,5,0,gpu_cpu_transfer,3784.334000000
polyhok,5,0,gpu_compute,664310.807000000
polyhok,5,0,application_total,715040.868000000
polyhok,6,0,compilation,12974.815000000
polyhok,6,0,model_setup,384.950000000
polyhok,6,0,batch_loading,64728.897000000
polyhok,6,0,training_total,692143.429000000
polyhok,6,0,epoch_average,6921.434290000
polyhok,6,0,batch_average,25.694239368
polyhok,6,0,prediction_total,5773.099000000
polyhok,6,0,cpu_gpu_transfer,26609.127000000
polyhok,6,0,gpu_cpu_transfer,3688.910000000
polyhok,6,0,gpu_compute,666387.815000000
polyhok,6,0,application_total,706592.054000000
polyhok,7,0,compilation,12861.075000000
polyhok,7,0,model_setup,426.782000000
polyhok,7,0,batch_loading,79819.877000000
polyhok,7,0,training_total,705038.545000000
polyhok,7,0,epoch_average,7050.385450000
polyhok,7,0,batch_average,26.162629071
polyhok,7,0,prediction_total,6337.391000000
polyhok,7,0,cpu_gpu_transfer,31437.558000000
polyhok,7,0,gpu_cpu_transfer,3999.243000000
polyhok,7,0,gpu_compute,674366.973000000
polyhok,7,0,application_total,720420.317000000
polyhok,8,0,compilation,13805.173000000
polyhok,8,0,model_setup,441.547000000
polyhok,8,0,batch_loading,79512.361000000
polyhok,8,0,training_total,705191.238000000
polyhok,8,0,epoch_average,7051.912380000
polyhok,8,0,batch_average,26.170837361
polyhok,8,0,prediction_total,6428.053000000
polyhok,8,0,cpu_gpu_transfer,30452.374000000
polyhok,8,0,gpu_cpu_transfer,4008.694000000
polyhok,8,0,gpu_compute,675657.687000000
polyhok,8,0,application_total,720812.234000000
polyhok,9,0,compilation,13136.845000000
polyhok,9,0,model_setup,437.015000000
polyhok,9,0,batch_loading,83356.673000000
polyhok,9,0,training_total,708278.593000000
polyhok,9,0,epoch_average,7082.785930000
polyhok,9,0,batch_average,26.285223086
polyhok,9,0,prediction_total,6090.574000000
polyhok,9,0,cpu_gpu_transfer,34829.738000000
polyhok,9,0,gpu_cpu_transfer,3870.385000000
polyhok,9,0,gpu_compute,674159.470000000
polyhok,9,0,application_total,723224.270000000
polyhok,10,0,compilation,13360.536000000
polyhok,10,0,model_setup,443.884000000
polyhok,10,0,batch_loading,75126.714000000
polyhok,10,0,training_total,700649.353000000
polyhok,10,0,epoch_average,7006.493530000
polyhok,10,0,batch_average,26.012564312
polyhok,10,0,prediction_total,5840.678000000
polyhok,10,0,cpu_gpu_transfer,37262.608000000
polyhok,10,0,gpu_cpu_transfer,3735.458000000
polyhok,10,0,gpu_compute,664322.904000000
polyhok,10,0,application_total,715323.790000000
polyhok,11,0,compilation,13412.557000000
polyhok,11,0,model_setup,402.821000000
polyhok,11,0,batch_loading,66065.656000000
polyhok,11,0,training_total,693517.944000000
polyhok,11,0,epoch_average,6935.179440000
polyhok,11,0,batch_average,25.746636729
polyhok,11,0,prediction_total,6206.352000000
polyhok,11,0,cpu_gpu_transfer,26690.825000000
polyhok,11,0,gpu_cpu_transfer,3966.272000000
polyhok,11,0,gpu_compute,667878.969000000
polyhok,11,0,application_total,708769.193000000
polyhok,12,0,compilation,13248.139000000
polyhok,12,0,model_setup,409.296000000
polyhok,12,0,batch_loading,63513.913000000
polyhok,12,0,training_total,692348.591000000
polyhok,12,0,epoch_average,6923.485910000
polyhok,12,0,batch_average,25.703229033
polyhok,12,0,prediction_total,5982.407000000
polyhok,12,0,cpu_gpu_transfer,26531.338000000
polyhok,12,0,gpu_cpu_transfer,3795.077000000
polyhok,12,0,gpu_compute,666811.756000000
polyhok,12,0,application_total,706744.746000000
polyhok,13,0,compilation,13185.962000000
polyhok,13,0,model_setup,420.188000000
polyhok,13,0,batch_loading,77700.542000000
polyhok,13,0,training_total,704658.581000000
polyhok,13,0,epoch_average,7046.585810000
polyhok,13,0,batch_average,26.150589703
polyhok,13,0,prediction_total,6326.027000000
polyhok,13,0,cpu_gpu_transfer,29771.920000000
polyhok,13,0,gpu_cpu_transfer,4060.105000000
polyhok,13,0,gpu_compute,675642.187000000
polyhok,13,0,application_total,720242.414000000
polyhok,14,0,compilation,13620.200000000
polyhok,14,0,model_setup,430.228000000
polyhok,14,0,batch_loading,79251.199000000
polyhok,14,0,training_total,706311.786000000
polyhok,14,0,epoch_average,7063.117860000
polyhok,14,0,batch_average,26.212458513
polyhok,14,0,prediction_total,6263.698000000
polyhok,14,0,cpu_gpu_transfer,30621.768000000
polyhok,14,0,gpu_cpu_transfer,3928.539000000
polyhok,14,0,gpu_compute,676522.331000000
polyhok,14,0,application_total,721855.865000000
polyhok,15,0,compilation,13613.036000000
polyhok,15,0,model_setup,435.824000000
polyhok,15,0,batch_loading,78646.837000000
polyhok,15,0,training_total,705182.542000000
polyhok,15,0,epoch_average,7051.825420000
polyhok,15,0,batch_average,26.174661524
polyhok,15,0,prediction_total,6058.267000000
polyhok,15,0,cpu_gpu_transfer,32339.988000000
polyhok,15,0,gpu_cpu_transfer,3876.465000000
polyhok,15,0,gpu_compute,673663.883000000
polyhok,15,0,application_total,720031.790000000
polyhok,16,0,compilation,13337.637000000
polyhok,16,0,model_setup,430.981000000
polyhok,16,0,batch_loading,74573.113000000
polyhok,16,0,training_total,702172.083000000
polyhok,16,0,epoch_average,7021.720830000
polyhok,16,0,batch_average,26.062985130
polyhok,16,0,prediction_total,5964.988000000
polyhok,16,0,cpu_gpu_transfer,27793.785000000
polyhok,16,0,gpu_cpu_transfer,3783.565000000
polyhok,16,0,gpu_compute,675209.098000000
polyhok,16,0,application_total,717069.779000000
polyhok,17,0,compilation,13474.457000000
polyhok,17,0,model_setup,425.895000000
polyhok,17,0,batch_loading,66368.006000000
polyhok,17,0,training_total,694861.545000000
polyhok,17,0,epoch_average,6948.615450000
polyhok,17,0,batch_average,25.796198104
polyhok,17,0,prediction_total,6504.489000000
polyhok,17,0,cpu_gpu_transfer,26926.273000000
polyhok,17,0,gpu_cpu_transfer,4143.624000000
polyhok,17,0,gpu_compute,669092.607000000
polyhok,17,0,application_total,710963.944000000
polyhok,18,0,compilation,13268.403000000
polyhok,18,0,model_setup,442.933000000
polyhok,18,0,batch_loading,79321.633000000
polyhok,18,0,training_total,704876.826000000
polyhok,18,0,epoch_average,7048.768260000
polyhok,18,0,batch_average,26.168472677
polyhok,18,0,prediction_total,6407.180000000
polyhok,18,0,cpu_gpu_transfer,36673.027000000
polyhok,18,0,gpu_cpu_transfer,4015.562000000
polyhok,18,0,gpu_compute,669375.754000000
polyhok,18,0,application_total,720547.185000000
polyhok,19,0,compilation,13395.514000000
polyhok,19,0,model_setup,411.140000000
polyhok,19,0,batch_loading,75789.038000000
polyhok,19,0,training_total,702411.661000000
polyhok,19,0,epoch_average,7024.116610000
polyhok,19,0,batch_average,26.072015390
polyhok,19,0,prediction_total,6089.925000000
polyhok,19,0,cpu_gpu_transfer,27839.321000000
polyhok,19,0,gpu_cpu_transfer,3902.370000000
polyhok,19,0,gpu_compute,675406.514000000
polyhok,19,0,application_total,717636.536000000
polyhok,20,0,compilation,13305.836000000
polyhok,20,0,model_setup,428.882000000
polyhok,20,0,batch_loading,79683.675000000
polyhok,20,0,training_total,705398.599000000
polyhok,20,0,epoch_average,7053.985990000
polyhok,20,0,batch_average,26.183019145
polyhok,20,0,prediction_total,6207.397000000
polyhok,20,0,cpu_gpu_transfer,32634.255000000
polyhok,20,0,gpu_cpu_transfer,3899.619000000
polyhok,20,0,gpu_compute,673713.854000000
polyhok,20,0,application_total,720577.101000000
polyhok,21,0,compilation,13233.809000000
polyhok,21,0,model_setup,440.698000000
polyhok,21,0,batch_loading,77699.335000000
polyhok,21,0,training_total,703113.310000000
polyhok,21,0,epoch_average,7031.133100000
polyhok,21,0,batch_average,26.097483383
polyhok,21,0,prediction_total,5941.071000000
polyhok,21,0,cpu_gpu_transfer,31368.953000000
polyhok,21,0,gpu_cpu_transfer,3731.264000000
polyhok,21,0,gpu_compute,672590.584000000
polyhok,21,0,application_total,717882.283000000
polyhok,22,0,compilation,13420.466000000
polyhok,22,0,model_setup,429.860000000
polyhok,22,0,batch_loading,68998.054000000
polyhok,22,0,training_total,695685.153000000
polyhok,22,0,epoch_average,6956.851530000
polyhok,22,0,batch_average,25.825940223
polyhok,22,0,prediction_total,5936.558000000
polyhok,22,0,cpu_gpu_transfer,27519.826000000
polyhok,22,0,gpu_cpu_transfer,3820.985000000
polyhok,22,0,gpu_compute,669052.046000000
polyhok,22,0,application_total,710226.312000000
polyhok,23,0,compilation,13249.598000000
polyhok,23,0,model_setup,441.106000000
polyhok,23,0,batch_loading,76316.969000000
polyhok,23,0,training_total,701744.182000000
polyhok,23,0,epoch_average,7017.441820000
polyhok,23,0,batch_average,26.047793903
polyhok,23,0,prediction_total,6133.526000000
polyhok,23,0,cpu_gpu_transfer,28866.260000000
polyhok,23,0,gpu_cpu_transfer,3758.503000000
polyhok,23,0,gpu_compute,673911.971000000
polyhok,23,0,application_total,716502.216000000
polyhok,24,0,compilation,13085.310000000
polyhok,24,0,model_setup,423.757000000
polyhok,24,0,batch_loading,79293.954000000
polyhok,24,0,training_total,703497.425000000
polyhok,24,0,epoch_average,7034.974250000
polyhok,24,0,batch_average,26.116218253
polyhok,24,0,prediction_total,6594.875000000
polyhok,24,0,cpu_gpu_transfer,37037.819000000
polyhok,24,0,gpu_cpu_transfer,4029.158000000
polyhok,24,0,gpu_compute,667797.370000000
polyhok,24,0,application_total,719470.638000000
polyhok,25,0,compilation,13466.331000000
polyhok,25,0,model_setup,438.304000000
polyhok,25,0,batch_loading,75757.631000000
polyhok,25,0,training_total,701628.999000000
polyhok,25,0,epoch_average,7016.289990000
polyhok,25,0,batch_average,26.042393048
polyhok,25,0,prediction_total,6077.850000000
polyhok,25,0,cpu_gpu_transfer,28611.883000000
polyhok,25,0,gpu_cpu_transfer,3875.881000000
polyhok,25,0,gpu_compute,673844.364000000
polyhok,25,0,application_total,716625.268000000
polyhok,26,0,compilation,13327.922000000
polyhok,26,0,model_setup,449.906000000
polyhok,26,0,batch_loading,77815.211000000
polyhok,26,0,training_total,703946.859000000
polyhok,26,0,epoch_average,7039.468590000
polyhok,26,0,batch_average,26.125121004
polyhok,26,0,prediction_total,6051.623000000
polyhok,26,0,cpu_gpu_transfer,29970.313000000
polyhok,26,0,gpu_cpu_transfer,3851.146000000
polyhok,26,0,gpu_compute,674685.296000000
polyhok,26,0,application_total,718604.245000000
polyhok,27,0,compilation,12907.573000000
polyhok,27,0,model_setup,480.874000000
polyhok,27,0,batch_loading,80297.594000000
polyhok,27,0,training_total,706042.368000000
polyhok,27,0,epoch_average,7060.423680000
polyhok,27,0,batch_average,26.205190632
polyhok,27,0,prediction_total,6077.547000000
polyhok,27,0,cpu_gpu_transfer,33315.208000000
polyhok,27,0,gpu_cpu_transfer,3868.053000000
polyhok,27,0,gpu_compute,673531.420000000
polyhok,27,0,application_total,720851.354000000
polyhok,28,0,compilation,13255.062000000
polyhok,28,0,model_setup,446.515000000
polyhok,28,0,batch_loading,77480.753000000
polyhok,28,0,training_total,703019.822000000
polyhok,28,0,epoch_average,7030.198220000
polyhok,28,0,batch_average,26.092720706
polyhok,28,0,prediction_total,5885.311000000
polyhok,28,0,cpu_gpu_transfer,29827.417000000
polyhok,28,0,gpu_cpu_transfer,3696.848000000
polyhok,28,0,gpu_compute,673963.316000000
polyhok,28,0,application_total,717586.840000000
polyhok,29,0,compilation,13167.085000000
polyhok,29,0,model_setup,438.250000000
polyhok,29,0,batch_loading,75962.904000000
polyhok,29,0,training_total,701366.126000000
polyhok,29,0,epoch_average,7013.661260000
polyhok,29,0,batch_average,26.032820818
polyhok,29,0,prediction_total,6059.686000000
polyhok,29,0,cpu_gpu_transfer,28033.690000000
polyhok,29,0,gpu_cpu_transfer,3832.180000000
polyhok,29,0,gpu_compute,674200.268000000
polyhok,29,0,application_total,716164.313000000
polyhok,30,0,compilation,13377.582000000
polyhok,30,0,model_setup,426.024000000
polyhok,30,0,batch_loading,69246.052000000
polyhok,30,0,training_total,696003.474000000
polyhok,30,0,epoch_average,6960.034740000
polyhok,30,0,batch_average,25.838101004
polyhok,30,0,prediction_total,6723.044000000
polyhok,30,0,cpu_gpu_transfer,27734.188000000
polyhok,30,0,gpu_cpu_transfer,4268.423000000
polyhok,30,0,gpu_compute,669497.192000000
polyhok,30,0,application_total,712211.161000000
polyhok,31,0,compilation,13418.127000000
polyhok,31,0,model_setup,444.674000000
polyhok,31,0,batch_loading,77764.591000000
polyhok,31,0,training_total,705268.239000000
polyhok,31,0,epoch_average,7052.682390000
polyhok,31,0,batch_average,26.175349665
polyhok,31,0,prediction_total,6080.819000000
polyhok,31,0,cpu_gpu_transfer,30476.476000000
polyhok,31,0,gpu_cpu_transfer,3891.379000000
polyhok,31,0,gpu_compute,675536.567000000
polyhok,31,0,application_total,720121.532000000
polyhok,32,0,compilation,13248.531000000
polyhok,32,0,model_setup,441.033000000
polyhok,32,0,batch_loading,74231.042000000
polyhok,32,0,training_total,702473.529000000
polyhok,32,0,epoch_average,7024.735290000
polyhok,32,0,batch_average,26.073128401
polyhok,32,0,prediction_total,6073.254000000
polyhok,32,0,cpu_gpu_transfer,27655.957000000
polyhok,32,0,gpu_cpu_transfer,3890.095000000
polyhok,32,0,gpu_compute,675616.092000000
polyhok,32,0,application_total,717574.993000000
polyhok,33,0,compilation,13045.178000000
polyhok,33,0,model_setup,439.945000000
polyhok,33,0,batch_loading,79444.370000000
polyhok,33,0,training_total,705923.887000000
polyhok,33,0,epoch_average,7059.238870000
polyhok,33,0,batch_average,26.201602119
polyhok,33,0,prediction_total,6298.462000000
polyhok,33,0,cpu_gpu_transfer,31736.430000000
polyhok,33,0,gpu_cpu_transfer,4037.508000000
polyhok,33,0,gpu_compute,675061.731000000
polyhok,33,0,application_total,721184.037000000
polyhok,34,0,compilation,13372.631000000
polyhok,34,0,model_setup,428.064000000
polyhok,34,0,batch_loading,79569.387000000
polyhok,34,0,training_total,706129.220000000
polyhok,34,0,epoch_average,7061.292200000
polyhok,34,0,batch_average,26.214602045
polyhok,34,0,prediction_total,6625.838000000
polyhok,34,0,cpu_gpu_transfer,37564.163000000
polyhok,34,0,gpu_cpu_transfer,4097.392000000
polyhok,34,0,gpu_compute,669873.110000000
polyhok,34,0,application_total,721975.552000000
polyhok,35,0,compilation,13277.516000000
polyhok,35,0,model_setup,425.423000000
polyhok,35,0,batch_loading,80271.457000000
polyhok,35,0,training_total,707602.916000000
polyhok,35,0,epoch_average,7076.029160000
polyhok,35,0,batch_average,26.263715204
polyhok,35,0,prediction_total,5767.273000000
polyhok,35,0,cpu_gpu_transfer,32954.767000000
polyhok,35,0,gpu_cpu_transfer,3633.939000000
polyhok,35,0,gpu_compute,675388.374000000
polyhok,35,0,application_total,721958.552000000
polyhok,36,0,compilation,13515.145000000
polyhok,36,0,model_setup,425.424000000
polyhok,36,0,batch_loading,78427.187000000
polyhok,36,0,training_total,705144.539000000
polyhok,36,0,epoch_average,7051.445390000
polyhok,36,0,batch_average,26.177926431
polyhok,36,0,prediction_total,6424.286000000
polyhok,36,0,cpu_gpu_transfer,37077.875000000
polyhok,36,0,gpu_cpu_transfer,4057.679000000
polyhok,36,0,gpu_compute,669205.789000000
polyhok,36,0,application_total,720762.712000000
polyhok,37,0,compilation,13289.579000000
polyhok,37,0,model_setup,409.937000000
polyhok,37,0,batch_loading,65158.316000000
polyhok,37,0,training_total,694724.674000000
polyhok,37,0,epoch_average,6947.246740000
polyhok,37,0,batch_average,25.792668178
polyhok,37,0,prediction_total,5803.546000000
polyhok,37,0,cpu_gpu_transfer,27165.516000000
polyhok,37,0,gpu_cpu_transfer,3741.977000000
polyhok,37,0,gpu_compute,668461.144000000
polyhok,37,0,application_total,709136.602000000
polyhok,38,0,compilation,13292.376000000
polyhok,38,0,model_setup,397.299000000
polyhok,38,0,batch_loading,79273.643000000
polyhok,38,0,training_total,707125.544000000
polyhok,38,0,epoch_average,7071.255440000
polyhok,38,0,batch_average,26.238634870
polyhok,38,0,prediction_total,6540.245000000
polyhok,38,0,cpu_gpu_transfer,30434.570000000
polyhok,38,0,gpu_cpu_transfer,4272.727000000
polyhok,38,0,gpu_compute,677313.118000000
polyhok,38,0,application_total,722858.619000000
polyhok,39,0,compilation,13441.461000000
polyhok,39,0,model_setup,442.171000000
polyhok,39,0,batch_loading,78357.172000000
polyhok,39,0,training_total,706382.175000000
polyhok,39,0,epoch_average,7063.821750000
polyhok,39,0,batch_average,26.212296245
polyhok,39,0,prediction_total,6226.772000000
polyhok,39,0,cpu_gpu_transfer,30624.261000000
polyhok,39,0,gpu_cpu_transfer,3842.563000000
polyhok,39,0,gpu_compute,676566.506000000
polyhok,39,0,application_total,721621.638000000
polyhok,40,0,compilation,14031.792000000
polyhok,40,0,model_setup,464.640000000
polyhok,40,0,batch_loading,66657.072000000
polyhok,40,0,training_total,695605.780000000
polyhok,40,0,epoch_average,6956.057800000
polyhok,40,0,batch_average,25.826092751
polyhok,40,0,prediction_total,5965.187000000
polyhok,40,0,cpu_gpu_transfer,27256.905000000
polyhok,40,0,gpu_cpu_transfer,3739.201000000
polyhok,40,0,gpu_compute,669444.348000000
polyhok,40,0,application_total,710625.810000000
polyhok,41,0,compilation,13228.134000000
polyhok,41,0,model_setup,425.198000000
polyhok,41,0,batch_loading,81790.190000000
polyhok,41,0,training_total,709180.424000000
polyhok,41,0,epoch_average,7091.804240000
polyhok,41,0,batch_average,26.318517546
polyhok,41,0,prediction_total,6260.695000000
polyhok,41,0,cpu_gpu_transfer,33709.414000000
polyhok,41,0,gpu_cpu_transfer,4016.095000000
polyhok,41,0,gpu_compute,676194.049000000
polyhok,41,0,application_total,724832.786000000
polyhok,42,0,compilation,13306.854000000
polyhok,42,0,model_setup,390.743000000
polyhok,42,0,batch_loading,82628.358000000
polyhok,42,0,training_total,709546.705000000
polyhok,42,0,epoch_average,7095.467050000
polyhok,42,0,batch_average,26.331373866
polyhok,42,0,prediction_total,6400.849000000
polyhok,42,0,cpu_gpu_transfer,34211.958000000
polyhok,42,0,gpu_cpu_transfer,4080.555000000
polyhok,42,0,gpu_compute,676127.140000000
polyhok,42,0,application_total,725244.163000000
polyhok,43,0,compilation,13043.928000000
polyhok,43,0,model_setup,403.322000000
polyhok,43,0,batch_loading,82551.657000000
polyhok,43,0,training_total,710131.999000000
polyhok,43,0,epoch_average,7101.319990000
polyhok,43,0,batch_average,26.350792788
polyhok,43,0,prediction_total,6266.239000000
polyhok,43,0,cpu_gpu_transfer,33743.674000000
polyhok,43,0,gpu_cpu_transfer,3832.275000000
polyhok,43,0,gpu_compute,677215.109000000
polyhok,43,0,application_total,725464.098000000
polyhok,44,0,compilation,13241.062000000
polyhok,44,0,model_setup,384.629000000
polyhok,44,0,batch_loading,66067.674000000
polyhok,44,0,training_total,695852.679000000
polyhok,44,0,epoch_average,6958.526790000
polyhok,44,0,batch_average,25.834609368
polyhok,44,0,prediction_total,5809.547000000
polyhok,44,0,cpu_gpu_transfer,27566.465000000
polyhok,44,0,gpu_cpu_transfer,3711.352000000
polyhok,44,0,gpu_compute,669227.473000000
polyhok,44,0,application_total,709984.612000000
polyhok,45,0,compilation,13193.866000000
polyhok,45,0,model_setup,432.803000000
polyhok,45,0,batch_loading,83193.009000000
polyhok,45,0,training_total,710997.957000000
polyhok,45,0,epoch_average,7109.979570000
polyhok,45,0,batch_average,26.386219480
polyhok,45,0,prediction_total,6443.165000000
polyhok,45,0,cpu_gpu_transfer,34546.569000000
polyhok,45,0,gpu_cpu_transfer,4057.702000000
polyhok,45,0,gpu_compute,677321.184000000
polyhok,45,0,application_total,727093.844000000
polyhok,46,0,compilation,13835.080000000
polyhok,46,0,model_setup,424.164000000
polyhok,46,0,batch_loading,82173.099000000
polyhok,46,0,training_total,710088.101000000
polyhok,46,0,epoch_average,7100.881010000
polyhok,46,0,batch_average,26.349626877
polyhok,46,0,prediction_total,6314.111000000
polyhok,46,0,cpu_gpu_transfer,34326.580000000
polyhok,46,0,gpu_cpu_transfer,3985.771000000
polyhok,46,0,gpu_compute,676490.584000000
polyhok,46,0,application_total,725631.807000000
polyhok,47,0,compilation,13344.569000000
polyhok,47,0,model_setup,437.534000000
polyhok,47,0,batch_loading,66621.674000000
polyhok,47,0,training_total,696430.025000000
polyhok,47,0,epoch_average,6964.300250000
polyhok,47,0,batch_average,25.855089368
polyhok,47,0,prediction_total,6600.853000000
polyhok,47,0,cpu_gpu_transfer,27229.610000000
polyhok,47,0,gpu_cpu_transfer,4236.176000000
polyhok,47,0,gpu_compute,670381.820000000
polyhok,47,0,application_total,712694.142000000
polyhok,48,0,compilation,13516.403000000
polyhok,48,0,model_setup,466.123000000
polyhok,48,0,batch_loading,76463.871000000
polyhok,48,0,training_total,704175.327000000
polyhok,48,0,epoch_average,7041.753270000
polyhok,48,0,batch_average,26.142104498
polyhok,48,0,prediction_total,6045.216000000
polyhok,48,0,cpu_gpu_transfer,37363.885000000
polyhok,48,0,gpu_cpu_transfer,3796.249000000
polyhok,48,0,gpu_compute,667851.412000000
polyhok,48,0,application_total,719044.963000000
polyhok,49,0,compilation,13323.170000000
polyhok,49,0,model_setup,398.423000000
polyhok,49,0,batch_loading,65048.808000000
polyhok,49,0,training_total,695700.161000000
polyhok,49,0,epoch_average,6957.001610000
polyhok,49,0,batch_average,25.827144870
polyhok,49,0,prediction_total,5651.584000000
polyhok,49,0,cpu_gpu_transfer,27421.990000000
polyhok,49,0,gpu_cpu_transfer,3567.052000000
polyhok,49,0,gpu_compute,669151.616000000
polyhok,49,0,application_total,709900.960000000
polyhok,50,0,compilation,13208.811000000
polyhok,50,0,model_setup,396.926000000
polyhok,50,0,batch_loading,67317.690000000
polyhok,50,0,training_total,696672.045000000
polyhok,50,0,epoch_average,6966.720450000
polyhok,50,0,batch_average,25.864345279
polyhok,50,0,prediction_total,6407.255000000
polyhok,50,0,cpu_gpu_transfer,28203.647000000
polyhok,50,0,gpu_cpu_transfer,4128.884000000
polyhok,50,0,gpu_compute,669552.785000000
polyhok,50,0,application_total,712653.766000000
polyhok,51,0,compilation,13056.743000000
polyhok,51,0,model_setup,409.196000000
polyhok,51,0,batch_loading,65889.036000000
polyhok,51,0,training_total,696215.074000000
polyhok,51,0,epoch_average,6962.150740000
polyhok,51,0,batch_average,25.846008141
polyhok,51,0,prediction_total,5693.419000000
polyhok,51,0,cpu_gpu_transfer,27322.729000000
polyhok,51,0,gpu_cpu_transfer,3612.879000000
polyhok,51,0,gpu_compute,669751.639000000
polyhok,51,0,application_total,710547.782000000
polyhok,52,0,compilation,13043.909000000
polyhok,52,0,model_setup,408.983000000
polyhok,52,0,batch_loading,65301.011000000
polyhok,52,0,training_total,695172.952000000
polyhok,52,0,epoch_average,6951.729520000
polyhok,52,0,batch_average,25.809191784
polyhok,52,0,prediction_total,5687.888000000
polyhok,52,0,cpu_gpu_transfer,26802.557000000
polyhok,52,0,gpu_cpu_transfer,3600.379000000
polyhok,52,0,gpu_compute,669294.894000000
polyhok,52,0,application_total,709256.054000000
polyhok,53,0,compilation,13031.526000000
polyhok,53,0,model_setup,425.847000000
polyhok,53,0,batch_loading,64324.418000000
polyhok,53,0,training_total,693997.789000000
polyhok,53,0,epoch_average,6939.977890000
polyhok,53,0,batch_average,25.765568104
polyhok,53,0,prediction_total,5716.640000000
polyhok,53,0,cpu_gpu_transfer,26265.272000000
polyhok,53,0,gpu_cpu_transfer,3600.573000000
polyhok,53,0,gpu_compute,668689.256000000
polyhok,53,0,application_total,707927.168000000
polyhok,54,0,compilation,13459.061000000
polyhok,54,0,model_setup,426.146000000
polyhok,54,0,batch_loading,75316.086000000
polyhok,54,0,training_total,703565.503000000
polyhok,54,0,epoch_average,7035.655030000
polyhok,54,0,batch_average,26.120442045
polyhok,54,0,prediction_total,6002.275000000
polyhok,54,0,cpu_gpu_transfer,37381.502000000
polyhok,54,0,gpu_cpu_transfer,3842.602000000
polyhok,54,0,gpu_compute,667154.883000000
polyhok,54,0,application_total,718577.322000000
polyhok,55,0,compilation,13244.264000000
polyhok,55,0,model_setup,443.995000000
polyhok,55,0,batch_loading,74814.510000000
polyhok,55,0,training_total,702920.369000000
polyhok,55,0,epoch_average,7029.203690000
polyhok,55,0,batch_average,26.094209851
polyhok,55,0,prediction_total,5843.294000000
polyhok,55,0,cpu_gpu_transfer,35148.808000000
polyhok,55,0,gpu_cpu_transfer,3695.582000000
polyhok,55,0,gpu_compute,668671.664000000
polyhok,55,0,application_total,717322.603000000
polyhok,56,0,compilation,13255.586000000
polyhok,56,0,model_setup,452.107000000
polyhok,56,0,batch_loading,77791.313000000
polyhok,56,0,training_total,705840.630000000
polyhok,56,0,epoch_average,7058.406300000
polyhok,56,0,batch_average,26.194456952
polyhok,56,0,prediction_total,6451.056000000
polyhok,56,0,cpu_gpu_transfer,29413.447000000
polyhok,56,0,gpu_cpu_transfer,4129.410000000
polyhok,56,0,gpu_compute,677225.383000000
polyhok,56,0,application_total,721553.100000000
polyhok,57,0,compilation,14263.511000000
polyhok,57,0,model_setup,412.639000000
polyhok,57,0,batch_loading,65881.576000000
polyhok,57,0,training_total,695482.371000000
polyhok,57,0,epoch_average,6954.823710000
polyhok,57,0,batch_average,25.820016803
polyhok,57,0,prediction_total,5802.325000000
polyhok,57,0,cpu_gpu_transfer,26725.882000000
polyhok,57,0,gpu_cpu_transfer,3722.945000000
polyhok,57,0,gpu_compute,669648.341000000
polyhok,57,0,application_total,709845.479000000
polyhok,58,0,compilation,13186.211000000
polyhok,58,0,model_setup,432.528000000
polyhok,58,0,batch_loading,65980.330000000
polyhok,58,0,training_total,695591.039000000
polyhok,58,0,epoch_average,6955.910390000
polyhok,58,0,batch_average,25.823191004
polyhok,58,0,prediction_total,6431.866000000
polyhok,58,0,cpu_gpu_transfer,26895.353000000
polyhok,58,0,gpu_cpu_transfer,4216.019000000
polyhok,58,0,gpu_compute,669700.438000000
polyhok,58,0,application_total,711522.290000000
polyhok,59,0,compilation,20885.021000000
polyhok,59,0,model_setup,421.504000000
polyhok,59,0,batch_loading,76085.580000000
polyhok,59,0,training_total,703437.826000000
polyhok,59,0,epoch_average,7034.378260000
polyhok,59,0,batch_average,26.115265167
polyhok,59,0,prediction_total,6792.241000000
polyhok,59,0,cpu_gpu_transfer,37915.170000000
polyhok,59,0,gpu_cpu_transfer,3958.493000000
polyhok,59,0,gpu_compute,667158.932000000
polyhok,59,0,application_total,719421.167000000
polyhok,60,0,compilation,20510.821000000
polyhok,60,0,model_setup,388.895000000
polyhok,60,0,batch_loading,65229.460000000
polyhok,60,0,training_total,695936.151000000
polyhok,60,0,epoch_average,6959.361510000
polyhok,60,0,batch_average,25.837252416
polyhok,60,0,prediction_total,5813.437000000
polyhok,60,0,cpu_gpu_transfer,26515.493000000
polyhok,60,0,gpu_cpu_transfer,3748.940000000
polyhok,60,0,gpu_compute,670308.253000000
polyhok,60,0,application_total,710910.878000000
polyhok,61,0,compilation,18737.156000000
polyhok,61,0,model_setup,529.770000000
polyhok,61,0,batch_loading,78297.898000000
polyhok,61,0,training_total,706888.921000000
polyhok,61,0,epoch_average,7068.889210000
polyhok,61,0,batch_average,26.233093346
polyhok,61,0,prediction_total,6514.605000000
polyhok,61,0,cpu_gpu_transfer,29905.014000000
polyhok,61,0,gpu_cpu_transfer,4240.498000000
polyhok,61,0,gpu_compute,677736.925000000
polyhok,61,0,application_total,722853.862000000
polyhok,62,0,compilation,17942.288000000
polyhok,62,0,model_setup,385.552000000
polyhok,62,0,batch_loading,67582.617000000
polyhok,62,0,training_total,697364.288000000
polyhok,62,0,epoch_average,6973.642880000
polyhok,62,0,batch_average,25.889789517
polyhok,62,0,prediction_total,6253.767000000
polyhok,62,0,cpu_gpu_transfer,27890.821000000
polyhok,62,0,gpu_cpu_transfer,3862.900000000
polyhok,62,0,gpu_compute,670670.600000000
polyhok,62,0,application_total,712876.471000000
polyhok,63,0,compilation,13174.117000000
polyhok,63,0,model_setup,457.067000000
polyhok,63,0,batch_loading,73727.039000000
polyhok,63,0,training_total,702383.781000000
polyhok,63,0,epoch_average,7023.837810000
polyhok,63,0,batch_average,26.076541747
polyhok,63,0,prediction_total,6098.993000000
polyhok,63,0,cpu_gpu_transfer,37108.160000000
polyhok,63,0,gpu_cpu_transfer,3757.877000000
polyhok,63,0,gpu_compute,666430.570000000
polyhok,63,0,application_total,717278.753000000
polyhok,64,0,compilation,13229.360000000
polyhok,64,0,model_setup,445.930000000
polyhok,64,0,batch_loading,83899.543000000
polyhok,64,0,training_total,711880.099000000
polyhok,64,0,epoch_average,7118.800990000
polyhok,64,0,batch_average,26.418053048
polyhok,64,0,prediction_total,6165.435000000
polyhok,64,0,cpu_gpu_transfer,34863.818000000
polyhok,64,0,gpu_cpu_transfer,3896.413000000
polyhok,64,0,gpu_compute,677747.203000000
polyhok,64,0,application_total,727038.627000000
polyhok,65,0,compilation,13337.768000000
polyhok,65,0,model_setup,460.218000000
polyhok,65,0,batch_loading,74317.971000000
polyhok,65,0,training_total,702348.428000000
polyhok,65,0,epoch_average,7023.484280000
polyhok,65,0,batch_average,26.076619740
polyhok,65,0,prediction_total,6004.998000000
polyhok,65,0,cpu_gpu_transfer,36787.499000000
polyhok,65,0,gpu_cpu_transfer,3792.181000000
polyhok,65,0,gpu_compute,666623.586000000
polyhok,65,0,application_total,716968.443000000
polyhok,66,0,compilation,13421.163000000
polyhok,66,0,model_setup,479.959000000
polyhok,66,0,batch_loading,76457.899000000
polyhok,66,0,training_total,706106.563000000
polyhok,66,0,epoch_average,7061.065630000
polyhok,66,0,batch_average,26.203569182
polyhok,66,0,prediction_total,6064.928000000
polyhok,66,0,cpu_gpu_transfer,29054.057000000
polyhok,66,0,gpu_cpu_transfer,3892.760000000
polyhok,66,0,gpu_compute,677694.855000000
polyhok,66,0,application_total,721004.074000000
polyhok,67,0,compilation,12994.378000000
polyhok,67,0,model_setup,425.900000000
polyhok,67,0,batch_loading,83651.245000000
polyhok,67,0,training_total,711771.730000000
polyhok,67,0,epoch_average,7117.717300000
polyhok,67,0,batch_average,26.413517918
polyhok,67,0,prediction_total,6040.000000000
polyhok,67,0,cpu_gpu_transfer,34565.487000000
polyhok,67,0,gpu_cpu_transfer,3800.107000000
polyhok,67,0,gpu_compute,677892.824000000
polyhok,67,0,application_total,726476.968000000
polyhok,68,0,compilation,19070.847000000
polyhok,68,0,model_setup,431.114000000
polyhok,68,0,batch_loading,76014.502000000
polyhok,68,0,training_total,706064.778000000
polyhok,68,0,epoch_average,7060.647780000
polyhok,68,0,batch_average,26.207243234
polyhok,68,0,prediction_total,6080.001000000
polyhok,68,0,cpu_gpu_transfer,28871.811000000
polyhok,68,0,gpu_cpu_transfer,3850.805000000
polyhok,68,0,gpu_compute,678042.356000000
polyhok,68,0,application_total,721170.550000000
polyhok,69,0,compilation,24432.509000000
polyhok,69,0,model_setup,403.394000000
polyhok,69,0,batch_loading,74924.017000000
polyhok,69,0,training_total,704320.897000000
polyhok,69,0,epoch_average,7043.208970000
polyhok,69,0,batch_average,26.142332528
polyhok,69,0,prediction_total,5898.287000000
polyhok,69,0,cpu_gpu_transfer,28847.079000000
polyhok,69,0,gpu_cpu_transfer,3680.913000000
polyhok,69,0,gpu_compute,676321.629000000
polyhok,69,0,application_total,719092.396000000
polyhok,70,0,compilation,28301.890000000
polyhok,70,0,model_setup,430.355000000
polyhok,70,0,batch_loading,65782.559000000
polyhok,70,0,training_total,695406.743000000
polyhok,70,0,epoch_average,6954.067430000
polyhok,70,0,batch_average,25.816659442
polyhok,70,0,prediction_total,6248.784000000
polyhok,70,0,cpu_gpu_transfer,26659.695000000
polyhok,70,0,gpu_cpu_transfer,4065.935000000
polyhok,70,0,gpu_compute,669731.686000000
polyhok,70,0,application_total,711022.829000000
polyhok,71,0,compilation,35505.754000000
polyhok,71,0,model_setup,416.327000000
polyhok,71,0,batch_loading,75446.043000000
polyhok,71,0,training_total,703811.428000000
polyhok,71,0,epoch_average,7038.114280000
polyhok,71,0,batch_average,26.128880706
polyhok,71,0,prediction_total,5859.050000000
polyhok,71,0,cpu_gpu_transfer,37666.962000000
polyhok,71,0,gpu_cpu_transfer,3710.397000000
polyhok,71,0,gpu_compute,667071.423000000
polyhok,71,0,application_total,718104.858000000
polyhok,72,0,compilation,15092.465000000
polyhok,72,0,model_setup,415.841000000
polyhok,72,0,batch_loading,76624.901000000
polyhok,72,0,training_total,705794.135000000
polyhok,72,0,epoch_average,7057.941350000
polyhok,72,0,batch_average,26.192951078
polyhok,72,0,prediction_total,6012.557000000
polyhok,72,0,cpu_gpu_transfer,28981.907000000
polyhok,72,0,gpu_cpu_transfer,3857.798000000
polyhok,72,0,gpu_compute,677457.561000000
polyhok,72,0,application_total,720537.536000000
polyhok,73,0,compilation,15194.005000000
polyhok,73,0,model_setup,432.405000000
polyhok,73,0,batch_loading,66774.009000000
polyhok,73,0,training_total,695878.500000000
polyhok,73,0,epoch_average,6958.785000000
polyhok,73,0,batch_average,25.832800372
polyhok,73,0,prediction_total,6679.136000000
polyhok,73,0,cpu_gpu_transfer,27546.880000000
polyhok,73,0,gpu_cpu_transfer,4334.186000000
polyhok,73,0,gpu_compute,669438.892000000
polyhok,73,0,application_total,712081.307000000
polyhok,74,0,compilation,15716.332000000
polyhok,74,0,model_setup,412.405000000
polyhok,74,0,batch_loading,65117.248000000
polyhok,74,0,training_total,695652.711000000
polyhok,74,0,epoch_average,6956.527110000
polyhok,74,0,batch_average,25.826249480
polyhok,74,0,prediction_total,6418.806000000
polyhok,74,0,cpu_gpu_transfer,27456.604000000
polyhok,74,0,gpu_cpu_transfer,4103.747000000
polyhok,74,0,gpu_compute,669324.797000000
polyhok,74,0,application_total,711345.416000000
polyhok,75,0,compilation,14709.342000000
polyhok,75,0,model_setup,456.910000000
polyhok,75,0,batch_loading,75180.208000000
polyhok,75,0,training_total,702989.556000000
polyhok,75,0,epoch_average,7029.895560000
polyhok,75,0,batch_average,26.099498810
polyhok,75,0,prediction_total,6104.618000000
polyhok,75,0,cpu_gpu_transfer,37224.905000000
polyhok,75,0,gpu_cpu_transfer,3877.441000000
polyhok,75,0,gpu_compute,666824.902000000
polyhok,75,0,application_total,717959.293000000
polyhok,76,0,compilation,23360.590000000
polyhok,76,0,model_setup,421.332000000
polyhok,76,0,batch_loading,78438.866000000
polyhok,76,0,training_total,706584.577000000
polyhok,76,0,epoch_average,7065.845770000
polyhok,76,0,batch_average,26.220913569
polyhok,76,0,prediction_total,6533.122000000
polyhok,76,0,cpu_gpu_transfer,29324.450000000
polyhok,76,0,gpu_cpu_transfer,4207.254000000
polyhok,76,0,gpu_compute,678047.551000000
polyhok,76,0,application_total,722623.496000000
polyhok,77,0,compilation,27196.804000000
polyhok,77,0,model_setup,389.291000000
polyhok,77,0,batch_loading,64473.830000000
polyhok,77,0,training_total,694688.296000000
polyhok,77,0,epoch_average,6946.882960000
polyhok,77,0,batch_average,25.790548401
polyhok,77,0,prediction_total,5611.537000000
polyhok,77,0,cpu_gpu_transfer,27090.436000000
polyhok,77,0,gpu_cpu_transfer,3534.808000000
polyhok,77,0,gpu_compute,668496.617000000
polyhok,77,0,application_total,708640.885000000
polyhok,78,0,compilation,14357.169000000
polyhok,78,0,model_setup,431.308000000
polyhok,78,0,batch_loading,81303.461000000
polyhok,78,0,training_total,708218.794000000
polyhok,78,0,epoch_average,7082.187940000
polyhok,78,0,batch_average,26.280660706
polyhok,78,0,prediction_total,6446.723000000
polyhok,78,0,cpu_gpu_transfer,32785.404000000
polyhok,78,0,gpu_cpu_transfer,4165.953000000
polyhok,78,0,gpu_compute,676139.465000000
polyhok,78,0,application_total,724022.337000000
polyhok,79,0,compilation,15722.211000000
polyhok,79,0,model_setup,435.644000000
polyhok,79,0,batch_loading,79865.426000000
polyhok,79,0,training_total,707360.318000000
polyhok,79,0,epoch_average,7073.603180000
polyhok,79,0,batch_average,26.252029071
polyhok,79,0,prediction_total,6372.972000000
polyhok,79,0,cpu_gpu_transfer,33713.194000000
polyhok,79,0,gpu_cpu_transfer,4012.080000000
polyhok,79,0,gpu_compute,674539.544000000
polyhok,79,0,application_total,723182.070000000
polyhok,80,0,compilation,18722.135000000
polyhok,80,0,model_setup,444.538000000
polyhok,80,0,batch_loading,64566.794000000
polyhok,80,0,training_total,694222.072000000
polyhok,80,0,epoch_average,6942.220720000
polyhok,80,0,batch_average,25.772527695
polyhok,80,0,prediction_total,6202.380000000
polyhok,80,0,cpu_gpu_transfer,26447.612000000
polyhok,80,0,gpu_cpu_transfer,4005.121000000
polyhok,80,0,gpu_compute,668776.955000000
polyhok,80,0,application_total,709802.652000000
polyhok,81,0,compilation,14010.631000000
polyhok,81,0,model_setup,408.502000000
polyhok,81,0,batch_loading,65534.071000000
polyhok,81,0,training_total,695573.781000000
polyhok,81,0,epoch_average,6955.737810000
polyhok,81,0,batch_average,25.823681227
polyhok,81,0,prediction_total,6355.777000000
polyhok,81,0,cpu_gpu_transfer,27140.320000000
polyhok,81,0,gpu_cpu_transfer,4118.289000000
polyhok,81,0,gpu_compute,669488.455000000
polyhok,81,0,application_total,711107.509000000
polyhok,82,0,compilation,20768.268000000
polyhok,82,0,model_setup,430.530000000
polyhok,82,0,batch_loading,77019.039000000
polyhok,82,0,training_total,705686.827000000
polyhok,82,0,epoch_average,7056.868270000
polyhok,82,0,batch_average,26.187380149
polyhok,82,0,prediction_total,5871.408000000
polyhok,82,0,cpu_gpu_transfer,28832.855000000
polyhok,82,0,gpu_cpu_transfer,3714.587000000
polyhok,82,0,gpu_compute,677458.027000000
polyhok,82,0,application_total,720279.726000000
polyhok,83,0,compilation,14213.422000000
polyhok,83,0,model_setup,455.913000000
polyhok,83,0,batch_loading,75951.257000000
polyhok,83,0,training_total,703617.309000000
polyhok,83,0,epoch_average,7036.173090000
polyhok,83,0,batch_average,26.121046506
polyhok,83,0,prediction_total,6326.335000000
polyhok,83,0,cpu_gpu_transfer,37447.274000000
polyhok,83,0,gpu_cpu_transfer,3983.123000000
polyhok,83,0,gpu_compute,667286.790000000
polyhok,83,0,application_total,718859.822000000
polyhok,84,0,compilation,24091.343000000
polyhok,84,0,model_setup,452.650000000
polyhok,84,0,batch_loading,78627.957000000
polyhok,84,0,training_total,705755.884000000
polyhok,84,0,epoch_average,7057.558840000
polyhok,84,0,batch_average,26.198935502
polyhok,84,0,prediction_total,6274.779000000
polyhok,84,0,cpu_gpu_transfer,39224.819000000
polyhok,84,0,gpu_cpu_transfer,3973.582000000
polyhok,84,0,gpu_compute,667546.279000000
polyhok,84,0,application_total,721051.242000000
polyhok,85,0,compilation,19410.453000000
polyhok,85,0,model_setup,397.735000000
polyhok,85,0,batch_loading,63950.380000000
polyhok,85,0,training_total,693713.214000000
polyhok,85,0,epoch_average,6937.132140000
polyhok,85,0,batch_average,25.754668550
polyhok,85,0,prediction_total,5970.244000000
polyhok,85,0,cpu_gpu_transfer,26392.587000000
polyhok,85,0,gpu_cpu_transfer,3884.327000000
polyhok,85,0,gpu_compute,668239.932000000
polyhok,85,0,application_total,707934.446000000
polyhok,86,0,compilation,22779.346000000
polyhok,86,0,model_setup,431.301000000
polyhok,86,0,batch_loading,78929.762000000
polyhok,86,0,training_total,707746.389000000
polyhok,86,0,epoch_average,7077.463890000
polyhok,86,0,batch_average,26.264978550
polyhok,86,0,prediction_total,6453.782000000
polyhok,86,0,cpu_gpu_transfer,30812.206000000
polyhok,86,0,gpu_cpu_transfer,4109.509000000
polyhok,86,0,gpu_compute,677752.096000000
polyhok,86,0,application_total,723317.207000000
polyhok,87,0,compilation,24212.177000000
polyhok,87,0,model_setup,436.597000000
polyhok,87,0,batch_loading,75654.935000000
polyhok,87,0,training_total,703617.247000000
polyhok,87,0,epoch_average,7036.172470000
polyhok,87,0,batch_average,26.121420929
polyhok,87,0,prediction_total,5666.950000000
polyhok,87,0,cpu_gpu_transfer,36692.771000000
polyhok,87,0,gpu_cpu_transfer,3535.265000000
polyhok,87,0,gpu_compute,667840.915000000
polyhok,87,0,application_total,717697.760000000
polyhok,88,0,compilation,14384.253000000
polyhok,88,0,model_setup,423.080000000
polyhok,88,0,batch_loading,76543.377000000
polyhok,88,0,training_total,704394.327000000
polyhok,88,0,epoch_average,7043.943270000
polyhok,88,0,batch_average,26.140618439
polyhok,88,0,prediction_total,6480.958000000
polyhok,88,0,cpu_gpu_transfer,28358.708000000
polyhok,88,0,gpu_cpu_transfer,4232.936000000
polyhok,88,0,gpu_compute,676772.348000000
polyhok,88,0,application_total,720174.132000000
polyhok,89,0,compilation,18992.669000000
polyhok,89,0,model_setup,449.432000000
polyhok,89,0,batch_loading,73774.643000000
polyhok,89,0,training_total,702726.722000000
polyhok,89,0,epoch_average,7027.267220000
polyhok,89,0,batch_average,26.088176283
polyhok,89,0,prediction_total,5816.024000000
polyhok,89,0,cpu_gpu_transfer,36743.074000000
polyhok,89,0,gpu_cpu_transfer,3691.012000000
polyhok,89,0,gpu_compute,666889.916000000
polyhok,89,0,application_total,717121.022000000
polyhok,90,0,compilation,27188.298000000
polyhok,90,0,model_setup,413.181000000
polyhok,90,0,batch_loading,82115.919000000
polyhok,90,0,training_total,711392.056000000
polyhok,90,0,epoch_average,7113.920560000
polyhok,90,0,batch_average,26.400770372
polyhok,90,0,prediction_total,6115.178000000
polyhok,90,0,cpu_gpu_transfer,34088.762000000
polyhok,90,0,gpu_cpu_transfer,3828.815000000
polyhok,90,0,gpu_compute,678072.929000000
polyhok,90,0,application_total,726583.314000000
polyhok,91,0,compilation,25842.345000000
polyhok,91,0,model_setup,438.769000000
polyhok,91,0,batch_loading,81788.193000000
polyhok,91,0,training_total,709906.402000000
polyhok,91,0,epoch_average,7099.064020000
polyhok,91,0,batch_average,26.344605130
polyhok,91,0,prediction_total,6295.321000000
polyhok,91,0,cpu_gpu_transfer,33090.124000000
polyhok,91,0,gpu_cpu_transfer,4011.044000000
polyhok,91,0,gpu_compute,677558.525000000
polyhok,91,0,application_total,725210.621000000
polyhok,92,0,compilation,19218.570000000
polyhok,92,0,model_setup,459.077000000
polyhok,92,0,batch_loading,77968.142000000
polyhok,92,0,training_total,706013.570000000
polyhok,92,0,epoch_average,7060.135700000
polyhok,92,0,batch_average,26.199384907
polyhok,92,0,prediction_total,6020.309000000
polyhok,92,0,cpu_gpu_transfer,29168.211000000
polyhok,92,0,gpu_cpu_transfer,3820.488000000
polyhok,92,0,gpu_compute,677480.725000000
polyhok,92,0,application_total,721039.362000000
polyhok,93,0,compilation,14909.096000000
polyhok,93,0,model_setup,431.274000000
polyhok,93,0,batch_loading,65120.609000000
polyhok,93,0,training_total,695431.803000000
polyhok,93,0,epoch_average,6954.318030000
polyhok,93,0,batch_average,25.817668067
polyhok,93,0,prediction_total,5365.077000000
polyhok,93,0,cpu_gpu_transfer,26968.208000000
polyhok,93,0,gpu_cpu_transfer,3341.125000000
polyhok,93,0,gpu_compute,669294.721000000
polyhok,93,0,application_total,709034.105000000
polyhok,94,0,compilation,13935.422000000
polyhok,94,0,model_setup,420.265000000
polyhok,94,0,batch_loading,78667.095000000
polyhok,94,0,training_total,707292.780000000
polyhok,94,0,epoch_average,7072.927800000
polyhok,94,0,batch_average,26.250033457
polyhok,94,0,prediction_total,6169.589000000
polyhok,94,0,cpu_gpu_transfer,32740.136000000
polyhok,94,0,gpu_cpu_transfer,3898.316000000
polyhok,94,0,gpu_compute,675361.750000000
polyhok,94,0,application_total,722696.099000000
polyhok,95,0,compilation,13738.932000000
polyhok,95,0,model_setup,438.004000000
polyhok,95,0,batch_loading,64954.435000000
polyhok,95,0,training_total,695612.384000000
polyhok,95,0,epoch_average,6956.123840000
polyhok,95,0,batch_average,25.825307955
polyhok,95,0,prediction_total,6345.536000000
polyhok,95,0,cpu_gpu_transfer,26566.815000000
polyhok,95,0,gpu_cpu_transfer,4159.910000000
polyhok,95,0,gpu_compute,670069.569000000
polyhok,95,0,application_total,711450.196000000
polyhok,96,0,compilation,14096.066000000
polyhok,96,0,model_setup,439.504000000
polyhok,96,0,batch_loading,75248.575000000
polyhok,96,0,training_total,702923.862000000
polyhok,96,0,epoch_average,7029.238620000
polyhok,96,0,batch_average,26.096494647
polyhok,96,0,prediction_total,6731.982000000
polyhok,96,0,cpu_gpu_transfer,36855.455000000
polyhok,96,0,gpu_cpu_transfer,4137.439000000
polyhok,96,0,gpu_compute,667483.359000000
polyhok,96,0,application_total,719149.154000000
polyhok,97,0,compilation,13912.799000000
polyhok,97,0,model_setup,410.832000000
polyhok,97,0,batch_loading,64056.234000000
polyhok,97,0,training_total,694076.329000000
polyhok,97,0,epoch_average,6940.763290000
polyhok,97,0,batch_average,25.768867063
polyhok,97,0,prediction_total,6275.897000000
polyhok,97,0,cpu_gpu_transfer,26196.935000000
polyhok,97,0,gpu_cpu_transfer,4081.062000000
polyhok,97,0,gpu_compute,668920.354000000
polyhok,97,0,application_total,709829.950000000
polyhok,98,0,compilation,24091.908000000
polyhok,98,0,model_setup,430.001000000
polyhok,98,0,batch_loading,64114.798000000
polyhok,98,0,training_total,693389.269000000
polyhok,98,0,epoch_average,6933.892690000
polyhok,98,0,batch_average,25.741850892
polyhok,98,0,prediction_total,5871.016000000
polyhok,98,0,cpu_gpu_transfer,26237.602000000
polyhok,98,0,gpu_cpu_transfer,3777.985000000
polyhok,98,0,gpu_compute,668046.084000000
polyhok,98,0,application_total,707880.986000000
polyhok,99,0,compilation,14302.677000000
polyhok,99,0,model_setup,388.955000000
polyhok,99,0,batch_loading,81348.666000000
polyhok,99,0,training_total,708858.751000000
polyhok,99,0,epoch_average,7088.587510000
polyhok,99,0,batch_average,26.303206952
polyhok,99,0,prediction_total,6527.019000000
polyhok,99,0,cpu_gpu_transfer,33901.875000000
polyhok,99,0,gpu_cpu_transfer,4190.407000000
polyhok,99,0,gpu_compute,675684.270000000
polyhok,99,0,application_total,724665.717000000
polyhok,100,0,compilation,14259.621000000
polyhok,100,0,model_setup,467.137000000
polyhok,100,0,batch_loading,76416.543000000
polyhok,100,0,training_total,703452.157000000
polyhok,100,0,epoch_average,7034.521570000
polyhok,100,0,batch_average,26.113847546
polyhok,100,0,prediction_total,6304.804000000
polyhok,100,0,cpu_gpu_transfer,37228.684000000
polyhok,100,0,gpu_cpu_transfer,3958.698000000
polyhok,100,0,gpu_compute,667309.775000000
polyhok,100,0,application_total,718626.498000000
polyhok,101,0,compilation,15346.117000000
polyhok,101,0,model_setup,459.558000000
polyhok,101,0,batch_loading,65502.158000000
polyhok,101,0,training_total,694478.841000000
polyhok,101,0,epoch_average,6944.788410000
polyhok,101,0,batch_average,25.783637026
polyhok,101,0,prediction_total,5833.622000000
polyhok,101,0,cpu_gpu_transfer,26277.984000000
polyhok,101,0,gpu_cpu_transfer,3708.150000000
polyhok,101,0,gpu_compute,669166.716000000
polyhok,101,0,application_total,708857.455000000
